ix,iy,x,y,occupied
92,10,1.89162,-2.01986,1
93,10,1.94162,-2.01986,1
94,10,1.99162,-2.01986,1
96,10,2.09162,-2.01986,1
97,10,2.14162,-2.01986,1
98,10,2.19162,-2.01986,1
99,10,2.24162,-2.01986,1
92,11,1.89162,-1.96986,1
93,11,1.94162,-1.96986,1
94,11,1.99162,-1.96986,1
95,11,2.04162,-1.96986,1
96,11,2.09162,-1.96986,1
98,11,2.19162,-1.96986,1
99,11,2.24162,-1.96986,1
119,11,3.24162,-1.96986,1
120,11,3.29162,-1.96986,1
80,12,1.29162,-1.91986,1
82,12,1.39162,-1.91986,1
91,12,1.84162,-1.91986,1
93,12,1.94162,-1.91986,1
94,12,1.99162,-1.91986,1
95,12,2.04162,-1.91986,1
97,12,2.14162,-1.91986,1
98,12,2.19162,-1.91986,1
99,12,2.24162,-1.91986,1
119,12,3.24162,-1.91986,1
120,12,3.29162,-1.91986,1
121,12,3.34162,-1.91986,1
73,13,0.94162,-1.86986,1
74,13,0.99162,-1.86986,1
75,13,1.04162,-1.86986,1
76,13,1.09162,-1.86986,1
77,13,1.14162,-1.86986,1
78,13,1.19162,-1.86986,1
79,13,1.24162,-1.86986,1
80,13,1.29162,-1.86986,1
81,13,1.34162,-1.86986,1
82,13,1.39162,-1.86986,1
92,13,1.89162,-1.86986,1
93,13,1.94162,-1.86986,1
94,13,1.99162,-1.86986,1
95,13,2.04162,-1.86986,1
97,13,2.14162,-1.86986,1
99,13,2.24162,-1.86986,1
100,13,2.29162,-1.86986,1
119,13,3.24162,-1.86986,1
120,13,3.29162,-1.86986,1
121,13,3.34162,-1.86986,1
122,13,3.39162,-1.86986,1
66,14,0.59162,-1.81986,1
70,14,0.79162,-1.81986,1
71,14,0.84162,-1.81986,1
72,14,0.89162,-1.81986,1
73,14,0.94162,-1.81986,1
74,14,0.99162,-1.81986,1
75,14,1.04162,-1.81986,1
76,14,1.09162,-1.81986,1
77,14,1.14162,-1.81986,1
78,14,1.19162,-1.81986,1
79,14,1.24162,-1.81986,1
80,14,1.29162,-1.81986,1
81,14,1.34162,-1.81986,1
83,14,1.44162,-1.81986,1
85,14,1.54162,-1.81986,1
89,14,1.74162,-1.81986,1
92,14,1.89162,-1.81986,1
99,14,2.24162,-1.81986,1
100,14,2.29162,-1.81986,1
116,14,3.09162,-1.81986,1
117,14,3.14162,-1.81986,1
119,14,3.24162,-1.81986,1
120,14,3.29162,-1.81986,1
121,14,3.34162,-1.81986,1
122,14,3.39162,-1.81986,1
60,15,0.29162,-1.76986,1
61,15,0.34162,-1.76986,1
64,15,0.49162,-1.76986,1
66,15,0.59162,-1.76986,1
67,15,0.64162,-1.76986,1
68,15,0.69162,-1.76986,1
69,15,0.74162,-1.76986,1
70,15,0.79162,-1.76986,1
71,15,0.84162,-1.76986,1
72,15,0.89162,-1.76986,1
73,15,0.94162,-1.76986,1
74,15,0.99162,-1.76986,1
75,15,1.04162,-1.76986,1
76,15,1.09162,-1.76986,1
77,15,1.14162,-1.76986,1
78,15,1.19162,-1.76986,1
79,15,1.24162,-1.76986,1
80,15,1.29162,-1.76986,1
81,15,1.34162,-1.76986,1
82,15,1.39162,-1.76986,1
83,15,1.44162,-1.76986,1
88,15,1.69162,-1.76986,1
89,15,1.74162,-1.76986,1
90,15,1.79162,-1.76986,1
96,15,2.09162,-1.76986,1
97,15,2.14162,-1.76986,1
99,15,2.24162,-1.76986,1
100,15,2.29162,-1.76986,1
101,15,2.34162,-1.76986,1
114,15,2.99162,-1.76986,1
115,15,3.04162,-1.76986,1
117,15,3.14162,-1.76986,1
120,15,3.29162,-1.76986,1
121,15,3.34162,-1.76986,1
122,15,3.39162,-1.76986,1
123,15,3.44162,-1.76986,1
52,16,-0.10838,-1.71986,1
55,16,0.04162,-1.71986,1
56,16,0.09162,-1.71986,1
57,16,0.14162,-1.71986,1
58,16,0.19162,-1.71986,1
59,16,0.24162,-1.71986,1
60,16,0.29162,-1.71986,1
61,16,0.34162,-1.71986,1
62,16,0.39162,-1.71986,1
63,16,0.44162,-1.71986,1
64,16,0.49162,-1.71986,1
65,16,0.54162,-1.71986,1
66,16,0.59162,-1.71986,1
67,16,0.64162,-1.71986,1
69,16,0.74162,-1.71986,1
70,16,0.79162,-1.71986,1
71,16,0.84162,-1.71986,1
72,16,0.89162,-1.71986,1
73,16,0.94162,-1.71986,1
82,16,1.39162,-1.71986,1
83,16,1.44162,-1.71986,1
84,16,1.49162,-1.71986,1
85,16,1.54162,-1.71986,1
86,16,1.59162,-1.71986,1
88,16,1.69162,-1.71986,1
89,16,1.74162,-1.71986,1
97,16,2.14162,-1.71986,1
99,16,2.24162,-1.71986,1
100,16,2.29162,-1.71986,1
101,16,2.34162,-1.71986,1
109,16,2.74162,-1.71986,1
110,16,2.79162,-1.71986,1
111,16,2.84162,-1.71986,1
112,16,2.89162,-1.71986,1
113,16,2.94162,-1.71986,1
114,16,2.99162,-1.71986,1
115,16,3.04162,-1.71986,1
116,16,3.09162,-1.71986,1
117,16,3.14162,-1.71986,1
118,16,3.19162,-1.71986,1
119,16,3.24162,-1.71986,1
120,16,3.29162,-1.71986,1
121,16,3.34162,-1.71986,1
122,16,3.39162,-1.71986,1
123,16,3.44162,-1.71986,1
50,17,-0.20838,-1.66986,1
52,17,-0.10838,-1.66986,1
53,17,-0.05838,-1.66986,1
54,17,-0.00838,-1.66986,1
55,17,0.04162,-1.66986,1
56,17,0.09162,-1.66986,1
57,17,0.14162,-1.66986,1
58,17,0.19162,-1.66986,1
59,17,0.24162,-1.66986,1
60,17,0.29162,-1.66986,1
61,17,0.34162,-1.66986,1
62,17,0.39162,-1.66986,1
63,17,0.44162,-1.66986,1
64,17,0.49162,-1.66986,1
65,17,0.54162,-1.66986,1
70,17,0.79162,-1.66986,1
71,17,0.84162,-1.66986,1
72,17,0.89162,-1.66986,1
73,17,0.94162,-1.66986,1
76,17,1.09162,-1.66986,1
77,17,1.14162,-1.66986,1
81,17,1.34162,-1.66986,1
82,17,1.39162,-1.66986,1
83,17,1.44162,-1.66986,1
84,17,1.49162,-1.66986,1
85,17,1.54162,-1.66986,1
86,17,1.59162,-1.66986,1
88,17,1.69162,-1.66986,1
99,17,2.24162,-1.66986,1
100,17,2.29162,-1.66986,1
101,17,2.34162,-1.66986,1
102,17,2.39162,-1.66986,1
103,17,2.44162,-1.66986,1
104,17,2.49162,-1.66986,1
105,17,2.54162,-1.66986,1
106,17,2.59162,-1.66986,1
107,17,2.64162,-1.66986,1
108,17,2.69162,-1.66986,1
109,17,2.74162,-1.66986,1
110,17,2.79162,-1.66986,1
111,17,2.84162,-1.66986,1
112,17,2.89162,-1.66986,1
113,17,2.94162,-1.66986,1
114,17,2.99162,-1.66986,1
115,17,3.04162,-1.66986,1
116,17,3.09162,-1.66986,1
119,17,3.24162,-1.66986,1
120,17,3.29162,-1.66986,1
121,17,3.34162,-1.66986,1
122,17,3.39162,-1.66986,1
123,17,3.44162,-1.66986,1
44,18,-0.50838,-1.61986,1
47,18,-0.35838,-1.61986,1
48,18,-0.30838,-1.61986,1
49,18,-0.25838,-1.61986,1
50,18,-0.20838,-1.61986,1
51,18,-0.15838,-1.61986,1
52,18,-0.10838,-1.61986,1
53,18,-0.05838,-1.61986,1
54,18,-0.00838,-1.61986,1
55,18,0.04162,-1.61986,1
56,18,0.09162,-1.61986,1
57,18,0.14162,-1.61986,1
60,18,0.29162,-1.61986,1
61,18,0.34162,-1.61986,1
62,18,0.39162,-1.61986,1
63,18,0.44162,-1.61986,1
64,18,0.49162,-1.61986,1
67,18,0.64162,-1.61986,1
69,18,0.74162,-1.61986,1
70,18,0.79162,-1.61986,1
71,18,0.84162,-1.61986,1
72,18,0.89162,-1.61986,1
73,18,0.94162,-1.61986,1
76,18,1.09162,-1.61986,1
79,18,1.24162,-1.61986,1
81,18,1.34162,-1.61986,1
82,18,1.39162,-1.61986,1
83,18,1.44162,-1.61986,1
84,18,1.49162,-1.61986,1
99,18,2.24162,-1.61986,1
100,18,2.29162,-1.61986,1
101,18,2.34162,-1.61986,1
102,18,2.39162,-1.61986,1
103,18,2.44162,-1.61986,1
104,18,2.49162,-1.61986,1
105,18,2.54162,-1.61986,1
106,18,2.59162,-1.61986,1
107,18,2.64162,-1.61986,1
108,18,2.69162,-1.61986,1
109,18,2.74162,-1.61986,1
110,18,2.79162,-1.61986,1
111,18,2.84162,-1.61986,1
112,18,2.89162,-1.61986,1
113,18,2.94162,-1.61986,1
114,18,2.99162,-1.61986,1
115,18,3.04162,-1.61986,1
116,18,3.09162,-1.61986,1
119,18,3.24162,-1.61986,1
120,18,3.29162,-1.61986,1
121,18,3.34162,-1.61986,1
122,18,3.39162,-1.61986,1
123,18,3.44162,-1.61986,1
124,18,3.49162,-1.61986,1
40,19,-0.70838,-1.56986,1
41,19,-0.65838,-1.56986,1
42,19,-0.60838,-1.56986,1
43,19,-0.55838,-1.56986,1
44,19,-0.50838,-1.56986,1
45,19,-0.45838,-1.56986,1
46,19,-0.40838,-1.56986,1
47,19,-0.35838,-1.56986,1
48,19,-0.30838,-1.56986,1
49,19,-0.25838,-1.56986,1
50,19,-0.20838,-1.56986,1
51,19,-0.15838,-1.56986,1
52,19,-0.10838,-1.56986,1
57,19,0.14162,-1.56986,1
60,19,0.29162,-1.56986,1
61,19,0.34162,-1.56986,1
62,19,0.39162,-1.56986,1
63,19,0.44162,-1.56986,1
64,19,0.49162,-1.56986,1
65,19,0.54162,-1.56986,1
69,19,0.74162,-1.56986,1
70,19,0.79162,-1.56986,1
71,19,0.84162,-1.56986,1
72,19,0.89162,-1.56986,1
80,19,1.29162,-1.56986,1
81,19,1.34162,-1.56986,1
82,19,1.39162,-1.56986,1
83,19,1.44162,-1.56986,1
84,19,1.49162,-1.56986,1
100,19,2.29162,-1.56986,1
101,19,2.34162,-1.56986,1
102,19,2.39162,-1.56986,1
103,19,2.44162,-1.56986,1
104,19,2.49162,-1.56986,1
105,19,2.54162,-1.56986,1
106,19,2.59162,-1.56986,1
107,19,2.64162,-1.56986,1
108,19,2.69162,-1.56986,1
109,19,2.74162,-1.56986,1
110,19,2.79162,-1.56986,1
111,19,2.84162,-1.56986,1
112,19,2.89162,-1.56986,1
113,19,2.94162,-1.56986,1
114,19,2.99162,-1.56986,1
115,19,3.04162,-1.56986,1
120,19,3.29162,-1.56986,1
121,19,3.34162,-1.56986,1
122,19,3.39162,-1.56986,1
123,19,3.44162,-1.56986,1
124,19,3.49162,-1.56986,1
33,20,-1.05838,-1.51986,1
34,20,-1.00838,-1.51986,1
35,20,-0.95838,-1.51986,1
36,20,-0.90838,-1.51986,1
37,20,-0.85838,-1.51986,1
38,20,-0.80838,-1.51986,1
39,20,-0.75838,-1.51986,1
40,20,-0.70838,-1.51986,1
41,20,-0.65838,-1.51986,1
48,20,-0.30838,-1.51986,1
49,20,-0.25838,-1.51986,1
52,20,-0.10838,-1.51986,1
53,20,-0.05838,-1.51986,1
54,20,-0.00838,-1.51986,1
58,20,0.19162,-1.51986,1
60,20,0.29162,-1.51986,1
61,20,0.34162,-1.51986,1
62,20,0.39162,-1.51986,1
63,20,0.44162,-1.51986,1
64,20,0.49162,-1.51986,1
65,20,0.54162,-1.51986,1
69,20,0.74162,-1.51986,1
70,20,0.79162,-1.51986,1
71,20,0.84162,-1.51986,1
75,20,1.04162,-1.51986,1
78,20,1.19162,-1.51986,1
81,20,1.34162,-1.51986,1
82,20,1.39162,-1.51986,1
83,20,1.44162,-1.51986,1
100,20,2.29162,-1.51986,1
101,20,2.34162,-1.51986,1
102,20,2.39162,-1.51986,1
103,20,2.44162,-1.51986,1
104,20,2.49162,-1.51986,1
105,20,2.54162,-1.51986,1
106,20,2.59162,-1.51986,1
107,20,2.64162,-1.51986,1
108,20,2.69162,-1.51986,1
109,20,2.74162,-1.51986,1
110,20,2.79162,-1.51986,1
111,20,2.84162,-1.51986,1
112,20,2.89162,-1.51986,1
113,20,2.94162,-1.51986,1
114,20,2.99162,-1.51986,1
115,20,3.04162,-1.51986,1
116,20,3.09162,-1.51986,1
119,20,3.24162,-1.51986,1
120,20,3.29162,-1.51986,1
121,20,3.34162,-1.51986,1
123,20,3.44162,-1.51986,1
124,20,3.49162,-1.51986,1
125,20,3.54162,-1.51986,1
31,21,-1.15838,-1.46986,1
32,21,-1.10838,-1.46986,1
33,21,-1.05838,-1.46986,1
34,21,-1.00838,-1.46986,1
35,21,-0.95838,-1.46986,1
36,21,-0.90838,-1.46986,1
38,21,-0.80838,-1.46986,1
48,21,-0.30838,-1.46986,1
49,21,-0.25838,-1.46986,1
50,21,-0.20838,-1.46986,1
51,21,-0.15838,-1.46986,1
53,21,-0.05838,-1.46986,1
54,21,-0.00838,-1.46986,1
55,21,0.04162,-1.46986,1
57,21,0.14162,-1.46986,1
62,21,0.39162,-1.46986,1
63,21,0.44162,-1.46986,1
64,21,0.49162,-1.46986,1
65,21,0.54162,-1.46986,1
66,21,0.59162,-1.46986,1
67,21,0.64162,-1.46986,1
68,21,0.69162,-1.46986,1
82,21,1.39162,-1.46986,1
83,21,1.44162,-1.46986,1
84,21,1.49162,-1.46986,1
101,21,2.34162,-1.46986,1
102,21,2.39162,-1.46986,1
103,21,2.44162,-1.46986,1
104,21,2.49162,-1.46986,1
107,21,2.64162,-1.46986,1
108,21,2.69162,-1.46986,1
109,21,2.74162,-1.46986,1
119,21,3.24162,-1.46986,1
120,21,3.29162,-1.46986,1
121,21,3.34162,-1.46986,1
122,21,3.39162,-1.46986,1
123,21,3.44162,-1.46986,1
124,21,3.49162,-1.46986,1
21,22,-1.65838,-1.41986,1
22,22,-1.60838,-1.41986,1
23,22,-1.55838,-1.41986,1
31,22,-1.15838,-1.41986,1
34,22,-1.00838,-1.41986,1
35,22,-0.95838,-1.41986,1
39,22,-0.75838,-1.41986,1
40,22,-0.70838,-1.41986,1
49,22,-0.25838,-1.41986,1
50,22,-0.20838,-1.41986,1
51,22,-0.15838,-1.41986,1
52,22,-0.10838,-1.41986,1
53,22,-0.05838,-1.41986,1
54,22,-0.00838,-1.41986,1
63,22,0.44162,-1.41986,1
64,22,0.49162,-1.41986,1
65,22,0.54162,-1.41986,1
66,22,0.59162,-1.41986,1
67,22,0.64162,-1.41986,1
68,22,0.69162,-1.41986,1
69,22,0.74162,-1.41986,1
76,22,1.09162,-1.41986,1
82,22,1.39162,-1.41986,1
112,22,2.89162,-1.41986,1
119,22,3.24162,-1.41986,1
120,22,3.29162,-1.41986,1
123,22,3.44162,-1.41986,1
124,22,3.49162,-1.41986,1
17,23,-1.85838,-1.36986,1
22,23,-1.60838,-1.36986,1
23,23,-1.55838,-1.36986,1
34,23,-1.00838,-1.36986,1
35,23,-0.95838,-1.36986,1
39,23,-0.75838,-1.36986,1
40,23,-0.70838,-1.36986,1
41,23,-0.65838,-1.36986,1
63,23,0.44162,-1.36986,1
64,23,0.49162,-1.36986,1
65,23,0.54162,-1.36986,1
66,23,0.59162,-1.36986,1
67,23,0.64162,-1.36986,1
74,23,0.99162,-1.36986,1
75,23,1.04162,-1.36986,1
78,23,1.19162,-1.36986,1
85,23,1.54162,-1.36986,1
119,23,3.24162,-1.36986,1
120,23,3.29162,-1.36986,1
121,23,3.34162,-1.36986,1
123,23,3.44162,-1.36986,1
124,23,3.49162,-1.36986,1
14,24,-2.00838,-1.31986,1
15,24,-1.95838,-1.31986,1
23,24,-1.55838,-1.31986,1
24,24,-1.50838,-1.31986,1
34,24,-1.00838,-1.31986,1
39,24,-0.75838,-1.31986,1
40,24,-0.70838,-1.31986,1
41,24,-0.65838,-1.31986,1
42,24,-0.60838,-1.31986,1
46,24,-0.40838,-1.31986,1
63,24,0.44162,-1.31986,1
64,24,0.49162,-1.31986,1
65,24,0.54162,-1.31986,1
66,24,0.59162,-1.31986,1
73,24,0.94162,-1.31986,1
74,24,0.99162,-1.31986,1
75,24,1.04162,-1.31986,1
76,24,1.09162,-1.31986,1
79,24,1.24162,-1.31986,1
81,24,1.34162,-1.31986,1
83,24,1.44162,-1.31986,1
84,24,1.49162,-1.31986,1
104,24,2.49162,-1.31986,1
119,24,3.24162,-1.31986,1
120,24,3.29162,-1.31986,1
121,24,3.34162,-1.31986,1
122,24,3.39162,-1.31986,1
123,24,3.44162,-1.31986,1
124,24,3.49162,-1.31986,1
12,25,-2.10838,-1.26986,1
38,25,-0.80838,-1.26986,1
39,25,-0.75838,-1.26986,1
40,25,-0.70838,-1.26986,1
63,25,0.44162,-1.26986,1
64,25,0.49162,-1.26986,1
65,25,0.54162,-1.26986,1
66,25,0.59162,-1.26986,1
73,25,0.94162,-1.26986,1
74,25,0.99162,-1.26986,1
75,25,1.04162,-1.26986,1
76,25,1.09162,-1.26986,1
77,25,1.14162,-1.26986,1
80,25,1.29162,-1.26986,1
105,25,2.54162,-1.26986,1
109,25,2.74162,-1.26986,1
111,25,2.84162,-1.26986,1
116,25,3.09162,-1.26986,1
120,25,3.29162,-1.26986,1
121,25,3.34162,-1.26986,1
122,25,3.39162,-1.26986,1
123,25,3.44162,-1.26986,1
124,25,3.49162,-1.26986,1
125,25,3.54162,-1.26986,1
13,26,-2.05838,-1.21986,1
19,26,-1.75838,-1.21986,1
20,26,-1.70838,-1.21986,1
64,26,0.49162,-1.21986,1
68,26,0.69162,-1.21986,1
72,26,0.89162,-1.21986,1
73,26,0.94162,-1.21986,1
74,26,0.99162,-1.21986,1
77,26,1.14162,-1.21986,1
79,26,1.24162,-1.21986,1
80,26,1.29162,-1.21986,1
81,26,1.34162,-1.21986,1
82,26,1.39162,-1.21986,1
120,26,3.29162,-1.21986,1
121,26,3.34162,-1.21986,1
122,26,3.39162,-1.21986,1
123,26,3.44162,-1.21986,1
124,26,3.49162,-1.21986,1
125,26,3.54162,-1.21986,1
10,27,-2.20838,-1.16986,1
11,27,-2.15838,-1.16986,1
12,27,-2.10838,-1.16986,1
13,27,-2.05838,-1.16986,1
14,27,-2.00838,-1.16986,1
24,27,-1.50838,-1.16986,1
25,27,-1.45838,-1.16986,1
72,27,0.89162,-1.16986,1
73,27,0.94162,-1.16986,1
76,27,1.09162,-1.16986,1
77,27,1.14162,-1.16986,1
78,27,1.19162,-1.16986,1
79,27,1.24162,-1.16986,1
80,27,1.29162,-1.16986,1
81,27,1.34162,-1.16986,1
82,27,1.39162,-1.16986,1
83,27,1.44162,-1.16986,1
104,27,2.49162,-1.16986,1
106,27,2.59162,-1.16986,1
121,27,3.34162,-1.16986,1
122,27,3.39162,-1.16986,1
123,27,3.44162,-1.16986,1
124,27,3.49162,-1.16986,1
125,27,3.54162,-1.16986,1
11,28,-2.15838,-1.11986,1
12,28,-2.10838,-1.11986,1
21,28,-1.65838,-1.11986,1
23,28,-1.55838,-1.11986,1
24,28,-1.50838,-1.11986,1
68,28,0.69162,-1.11986,1
72,28,0.89162,-1.11986,1
75,28,1.04162,-1.11986,1
76,28,1.09162,-1.11986,1
77,28,1.14162,-1.11986,1
78,28,1.19162,-1.11986,1
79,28,1.24162,-1.11986,1
80,28,1.29162,-1.11986,1
81,28,1.34162,-1.11986,1
85,28,1.54162,-1.11986,1
87,28,1.64162,-1.11986,1
113,28,2.94162,-1.11986,1
121,28,3.34162,-1.11986,1
122,28,3.39162,-1.11986,1
123,28,3.44162,-1.11986,1
124,28,3.49162,-1.11986,1
125,28,3.54162,-1.11986,1
12,29,-2.10838,-1.06986,1
24,29,-1.50838,-1.06986,1
42,29,-0.60838,-1.06986,1
68,29,0.69162,-1.06986,1
69,29,0.74162,-1.06986,1
73,29,0.94162,-1.06986,1
76,29,1.09162,-1.06986,1
77,29,1.14162,-1.06986,1
78,29,1.19162,-1.06986,1
79,29,1.24162,-1.06986,1
80,29,1.29162,-1.06986,1
81,29,1.34162,-1.06986,1
82,29,1.39162,-1.06986,1
83,29,1.44162,-1.06986,1
84,29,1.49162,-1.06986,1
85,29,1.54162,-1.06986,1
86,29,1.59162,-1.06986,1
87,29,1.64162,-1.06986,1
104,29,2.49162,-1.06986,1
109,29,2.74162,-1.06986,1
113,29,2.94162,-1.06986,1
120,29,3.29162,-1.06986,1
121,29,3.34162,-1.06986,1
122,29,3.39162,-1.06986,1
123,29,3.44162,-1.06986,1
124,29,3.49162,-1.06986,1
125,29,3.54162,-1.06986,1
11,30,-2.15838,-1.01986,1
20,30,-1.70838,-1.01986,1
21,30,-1.65838,-1.01986,1
24,30,-1.50838,-1.01986,1
25,30,-1.45838,-1.01986,1
31,30,-1.15838,-1.01986,1
33,30,-1.05838,-1.01986,1
38,30,-0.80838,-1.01986,1
67,30,0.64162,-1.01986,1
68,30,0.69162,-1.01986,1
69,30,0.74162,-1.01986,1
71,30,0.84162,-1.01986,1
72,30,0.89162,-1.01986,1
73,30,0.94162,-1.01986,1
75,30,1.04162,-1.01986,1
76,30,1.09162,-1.01986,1
77,30,1.14162,-1.01986,1
78,30,1.19162,-1.01986,1
79,30,1.24162,-1.01986,1
80,30,1.29162,-1.01986,1
81,30,1.34162,-1.01986,1
82,30,1.39162,-1.01986,1
85,30,1.54162,-1.01986,1
86,30,1.59162,-1.01986,1
87,30,1.64162,-1.01986,1
108,30,2.69162,-1.01986,1
110,30,2.79162,-1.01986,1
115,30,3.04162,-1.01986,1
121,30,3.34162,-1.01986,1
122,30,3.39162,-1.01986,1
123,30,3.44162,-1.01986,1
124,30,3.49162,-1.01986,1
125,30,3.54162,-1.01986,1
12,31,-2.10838,-0.96986,1
14,31,-2.00838,-0.96986,1
15,31,-1.95838,-0.96986,1
16,31,-1.90838,-0.96986,1
20,31,-1.70838,-0.96986,1
21,31,-1.65838,-0.96986,1
22,31,-1.60838,-0.96986,1
24,31,-1.50838,-0.96986,1
25,31,-1.45838,-0.96986,1
28,31,-1.30838,-0.96986,1
34,31,-1.00838,-0.96986,1
37,31,-0.85838,-0.96986,1
38,31,-0.80838,-0.96986,1
41,31,-0.65838,-0.96986,1
48,31,-0.30838,-0.96986,1
68,31,0.69162,-0.96986,1
69,31,0.74162,-0.96986,1
71,31,0.84162,-0.96986,1
72,31,0.89162,-0.96986,1
73,31,0.94162,-0.96986,1
75,31,1.04162,-0.96986,1
76,31,1.09162,-0.96986,1
77,31,1.14162,-0.96986,1
78,31,1.19162,-0.96986,1
79,31,1.24162,-0.96986,1
80,31,1.29162,-0.96986,1
81,31,1.34162,-0.96986,1
82,31,1.39162,-0.96986,1
83,31,1.44162,-0.96986,1
84,31,1.49162,-0.96986,1
85,31,1.54162,-0.96986,1
86,31,1.59162,-0.96986,1
87,31,1.64162,-0.96986,1
104,31,2.49162,-0.96986,1
121,31,3.34162,-0.96986,1
122,31,3.39162,-0.96986,1
123,31,3.44162,-0.96986,1
124,31,3.49162,-0.96986,1
125,31,3.54162,-0.96986,1
126,31,3.59162,-0.96986,1
12,32,-2.10838,-0.91986,1
15,32,-1.95838,-0.91986,1
16,32,-1.90838,-0.91986,1
17,32,-1.85838,-0.91986,1
20,32,-1.70838,-0.91986,1
21,32,-1.65838,-0.91986,1
22,32,-1.60838,-0.91986,1
23,32,-1.55838,-0.91986,1
24,32,-1.50838,-0.91986,1
25,32,-1.45838,-0.91986,1
27,32,-1.35838,-0.91986,1
30,32,-1.20838,-0.91986,1
31,32,-1.15838,-0.91986,1
34,32,-1.00838,-0.91986,1
36,32,-0.90838,-0.91986,1
39,32,-0.75838,-0.91986,1
41,32,-0.65838,-0.91986,1
42,32,-0.60838,-0.91986,1
43,32,-0.55838,-0.91986,1
44,32,-0.50838,-0.91986,1
45,32,-0.45838,-0.91986,1
47,32,-0.35838,-0.91986,1
68,32,0.69162,-0.91986,1
69,32,0.74162,-0.91986,1
70,32,0.79162,-0.91986,1
71,32,0.84162,-0.91986,1
72,32,0.89162,-0.91986,1
73,32,0.94162,-0.91986,1
74,32,0.99162,-0.91986,1
75,32,1.04162,-0.91986,1
76,32,1.09162,-0.91986,1
77,32,1.14162,-0.91986,1
78,32,1.19162,-0.91986,1
79,32,1.24162,-0.91986,1
80,32,1.29162,-0.91986,1
81,32,1.34162,-0.91986,1
82,32,1.39162,-0.91986,1
83,32,1.44162,-0.91986,1
84,32,1.49162,-0.91986,1
85,32,1.54162,-0.91986,1
86,32,1.59162,-0.91986,1
121,32,3.34162,-0.91986,1
122,32,3.39162,-0.91986,1
124,32,3.49162,-0.91986,1
125,32,3.54162,-0.91986,1
12,33,-2.10838,-0.86986,1
14,33,-2.00838,-0.86986,1
15,33,-1.95838,-0.86986,1
16,33,-1.90838,-0.86986,1
17,33,-1.85838,-0.86986,1
18,33,-1.80838,-0.86986,1
19,33,-1.75838,-0.86986,1
20,33,-1.70838,-0.86986,1
21,33,-1.65838,-0.86986,1
22,33,-1.60838,-0.86986,1
23,33,-1.55838,-0.86986,1
24,33,-1.50838,-0.86986,1
29,33,-1.25838,-0.86986,1
30,33,-1.20838,-0.86986,1
33,33,-1.05838,-0.86986,1
34,33,-1.00838,-0.86986,1
35,33,-0.95838,-0.86986,1
38,33,-0.80838,-0.86986,1
39,33,-0.75838,-0.86986,1
40,33,-0.70838,-0.86986,1
41,33,-0.65838,-0.86986,1
42,33,-0.60838,-0.86986,1
43,33,-0.55838,-0.86986,1
66,33,0.59162,-0.86986,1
67,33,0.64162,-0.86986,1
69,33,0.74162,-0.86986,1
70,33,0.79162,-0.86986,1
71,33,0.84162,-0.86986,1
72,33,0.89162,-0.86986,1
73,33,0.94162,-0.86986,1
74,33,0.99162,-0.86986,1
75,33,1.04162,-0.86986,1
76,33,1.09162,-0.86986,1
77,33,1.14162,-0.86986,1
78,33,1.19162,-0.86986,1
80,33,1.29162,-0.86986,1
81,33,1.34162,-0.86986,1
83,33,1.44162,-0.86986,1
84,33,1.49162,-0.86986,1
85,33,1.54162,-0.86986,1
86,33,1.59162,-0.86986,1
121,33,3.34162,-0.86986,1
122,33,3.39162,-0.86986,1
123,33,3.44162,-0.86986,1
124,33,3.49162,-0.86986,1
125,33,3.54162,-0.86986,1
126,33,3.59162,-0.86986,1
12,34,-2.10838,-0.81986,1
14,34,-2.00838,-0.81986,1
15,34,-1.95838,-0.81986,1
17,34,-1.85838,-0.81986,1
18,34,-1.80838,-0.81986,1
19,34,-1.75838,-0.81986,1
20,34,-1.70838,-0.81986,1
21,34,-1.65838,-0.81986,1
22,34,-1.60838,-0.81986,1
29,34,-1.25838,-0.81986,1
30,34,-1.20838,-0.81986,1
31,34,-1.15838,-0.81986,1
32,34,-1.10838,-0.81986,1
33,34,-1.05838,-0.81986,1
36,34,-0.90838,-0.81986,1
37,34,-0.85838,-0.81986,1
38,34,-0.80838,-0.81986,1
40,34,-0.70838,-0.81986,1
41,34,-0.65838,-0.81986,1
42,34,-0.60838,-0.81986,1
43,34,-0.55838,-0.81986,1
65,34,0.54162,-0.81986,1
67,34,0.64162,-0.81986,1
70,34,0.79162,-0.81986,1
71,34,0.84162,-0.81986,1
72,34,0.89162,-0.81986,1
73,34,0.94162,-0.81986,1
74,34,0.99162,-0.81986,1
75,34,1.04162,-0.81986,1
76,34,1.09162,-0.81986,1
77,34,1.14162,-0.81986,1
78,34,1.19162,-0.81986,1
79,34,1.24162,-0.81986,1
80,34,1.29162,-0.81986,1
81,34,1.34162,-0.81986,1
82,34,1.39162,-0.81986,1
83,34,1.44162,-0.81986,1
85,34,1.54162,-0.81986,1
106,34,2.59162,-0.81986,1
122,34,3.39162,-0.81986,1
124,34,3.49162,-0.81986,1
125,34,3.54162,-0.81986,1
126,34,3.59162,-0.81986,1
128,34,3.69162,-0.81986,1
14,35,-2.00838,-0.76986,1
16,35,-1.90838,-0.76986,1
17,35,-1.85838,-0.76986,1
18,35,-1.80838,-0.76986,1
19,35,-1.75838,-0.76986,1
20,35,-1.70838,-0.76986,1
21,35,-1.65838,-0.76986,1
30,35,-1.20838,-0.76986,1
31,35,-1.15838,-0.76986,1
32,35,-1.10838,-0.76986,1
33,35,-1.05838,-0.76986,1
34,35,-1.00838,-0.76986,1
37,35,-0.85838,-0.76986,1
39,35,-0.75838,-0.76986,1
40,35,-0.70838,-0.76986,1
41,35,-0.65838,-0.76986,1
42,35,-0.60838,-0.76986,1
50,35,-0.20838,-0.76986,1
52,35,-0.10838,-0.76986,1
54,35,-0.00838,-0.76986,1
60,35,0.29162,-0.76986,1
65,35,0.54162,-0.76986,1
67,35,0.64162,-0.76986,1
70,35,0.79162,-0.76986,1
71,35,0.84162,-0.76986,1
72,35,0.89162,-0.76986,1
73,35,0.94162,-0.76986,1
74,35,0.99162,-0.76986,1
75,35,1.04162,-0.76986,1
76,35,1.09162,-0.76986,1
77,35,1.14162,-0.76986,1
78,35,1.19162,-0.76986,1
79,35,1.24162,-0.76986,1
122,35,3.39162,-0.76986,1
123,35,3.44162,-0.76986,1
124,35,3.49162,-0.76986,1
125,35,3.54162,-0.76986,1
126,35,3.59162,-0.76986,1
128,35,3.69162,-0.76986,1
12,36,-2.10838,-0.71986,1
14,36,-2.00838,-0.71986,1
16,36,-1.90838,-0.71986,1
17,36,-1.85838,-0.71986,1
18,36,-1.80838,-0.71986,1
19,36,-1.75838,-0.71986,1
20,36,-1.70838,-0.71986,1
30,36,-1.20838,-0.71986,1
33,36,-1.05838,-0.71986,1
34,36,-1.00838,-0.71986,1
35,36,-0.95838,-0.71986,1
36,36,-0.90838,-0.71986,1
37,36,-0.85838,-0.71986,1
38,36,-0.80838,-0.71986,1
40,36,-0.70838,-0.71986,1
41,36,-0.65838,-0.71986,1
42,36,-0.60838,-0.71986,1
55,36,0.04162,-0.71986,1
64,36,0.49162,-0.71986,1
65,36,0.54162,-0.71986,1
66,36,0.59162,-0.71986,1
67,36,0.64162,-0.71986,1
69,36,0.74162,-0.71986,1
70,36,0.79162,-0.71986,1
71,36,0.84162,-0.71986,1
72,36,0.89162,-0.71986,1
73,36,0.94162,-0.71986,1
74,36,0.99162,-0.71986,1
75,36,1.04162,-0.71986,1
77,36,1.14162,-0.71986,1
78,36,1.19162,-0.71986,1
79,36,1.24162,-0.71986,1
81,36,1.34162,-0.71986,1
121,36,3.34162,-0.71986,1
125,36,3.54162,-0.71986,1
126,36,3.59162,-0.71986,1
128,36,3.69162,-0.71986,1
14,37,-2.00838,-0.66986,1
15,37,-1.95838,-0.66986,1
17,37,-1.85838,-0.66986,1
18,37,-1.80838,-0.66986,1
33,37,-1.05838,-0.66986,1
34,37,-1.00838,-0.66986,1
41,37,-0.65838,-0.66986,1
42,37,-0.60838,-0.66986,1
43,37,-0.55838,-0.66986,1
44,37,-0.50838,-0.66986,1
53,37,-0.05838,-0.66986,1
55,37,0.04162,-0.66986,1
62,37,0.39162,-0.66986,1
65,37,0.54162,-0.66986,1
66,37,0.59162,-0.66986,1
67,37,0.64162,-0.66986,1
69,37,0.74162,-0.66986,1
70,37,0.79162,-0.66986,1
71,37,0.84162,-0.66986,1
72,37,0.89162,-0.66986,1
73,37,0.94162,-0.66986,1
74,37,0.99162,-0.66986,1
76,37,1.09162,-0.66986,1
77,37,1.14162,-0.66986,1
78,37,1.19162,-0.66986,1
79,37,1.24162,-0.66986,1
123,37,3.44162,-0.66986,1
125,37,3.54162,-0.66986,1
126,37,3.59162,-0.66986,1
15,38,-1.95838,-0.61986,1
17,38,-1.85838,-0.61986,1
19,38,-1.75838,-0.61986,1
20,38,-1.70838,-0.61986,1
21,38,-1.65838,-0.61986,1
35,38,-0.95838,-0.61986,1
39,38,-0.75838,-0.61986,1
42,38,-0.60838,-0.61986,1
43,38,-0.55838,-0.61986,1
44,38,-0.50838,-0.61986,1
52,38,-0.10838,-0.61986,1
54,38,-0.00838,-0.61986,1
56,38,0.09162,-0.61986,1
60,38,0.29162,-0.61986,1
62,38,0.39162,-0.61986,1
65,38,0.54162,-0.61986,1
66,38,0.59162,-0.61986,1
67,38,0.64162,-0.61986,1
69,38,0.74162,-0.61986,1
70,38,0.79162,-0.61986,1
71,38,0.84162,-0.61986,1
77,38,1.14162,-0.61986,1
78,38,1.19162,-0.61986,1
79,38,1.24162,-0.61986,1
80,38,1.29162,-0.61986,1
82,38,1.39162,-0.61986,1
125,38,3.54162,-0.61986,1
126,38,3.59162,-0.61986,1
13,39,-2.05838,-0.56986,1
14,39,-2.00838,-0.56986,1
17,39,-1.85838,-0.56986,1
18,39,-1.80838,-0.56986,1
19,39,-1.75838,-0.56986,1
20,39,-1.70838,-0.56986,1
21,39,-1.65838,-0.56986,1
32,39,-1.10838,-0.56986,1
33,39,-1.05838,-0.56986,1
36,39,-0.90838,-0.56986,1
37,39,-0.85838,-0.56986,1
39,39,-0.75838,-0.56986,1
41,39,-0.65838,-0.56986,1
42,39,-0.60838,-0.56986,1
43,39,-0.55838,-0.56986,1
44,39,-0.50838,-0.56986,1
45,39,-0.45838,-0.56986,1
54,39,-0.00838,-0.56986,1
55,39,0.04162,-0.56986,1
56,39,0.09162,-0.56986,1
58,39,0.19162,-0.56986,1
59,39,0.24162,-0.56986,1
63,39,0.44162,-0.56986,1
65,39,0.54162,-0.56986,1
66,39,0.59162,-0.56986,1
68,39,0.69162,-0.56986,1
69,39,0.74162,-0.56986,1
70,39,0.79162,-0.56986,1
71,39,0.84162,-0.56986,1
76,39,1.09162,-0.56986,1
77,39,1.14162,-0.56986,1
78,39,1.19162,-0.56986,1
79,39,1.24162,-0.56986,1
80,39,1.29162,-0.56986,1
94,39,1.99162,-0.56986,1
112,39,2.89162,-0.56986,1
113,39,2.94162,-0.56986,1
114,39,2.99162,-0.56986,1
122,39,3.39162,-0.56986,1
125,39,3.54162,-0.56986,1
127,39,3.64162,-0.56986,1
15,40,-1.95838,-0.51986,1
17,40,-1.85838,-0.51986,1
18,40,-1.80838,-0.51986,1
19,40,-1.75838,-0.51986,1
20,40,-1.70838,-0.51986,1
21,40,-1.65838,-0.51986,1
38,40,-0.80838,-0.51986,1
39,40,-0.75838,-0.51986,1
40,40,-0.70838,-0.51986,1
41,40,-0.65838,-0.51986,1
42,40,-0.60838,-0.51986,1
43,40,-0.55838,-0.51986,1
44,40,-0.50838,-0.51986,1
46,40,-0.40838,-0.51986,1
48,40,-0.30838,-0.51986,1
49,40,-0.25838,-0.51986,1
50,40,-0.20838,-0.51986,1
53,40,-0.05838,-0.51986,1
54,40,-0.00838,-0.51986,1
55,40,0.04162,-0.51986,1
56,40,0.09162,-0.51986,1
57,40,0.14162,-0.51986,1
58,40,0.19162,-0.51986,1
59,40,0.24162,-0.51986,1
60,40,0.29162,-0.51986,1
62,40,0.39162,-0.51986,1
64,40,0.49162,-0.51986,1
65,40,0.54162,-0.51986,1
66,40,0.59162,-0.51986,1
77,40,1.14162,-0.51986,1
78,40,1.19162,-0.51986,1
79,40,1.24162,-0.51986,1
80,40,1.29162,-0.51986,1
92,40,1.89162,-0.51986,1
112,40,2.89162,-0.51986,1
114,40,2.99162,-0.51986,1
127,40,3.64162,-0.51986,1
14,41,-2.00838,-0.46986,1
15,41,-1.95838,-0.46986,1
16,41,-1.90838,-0.46986,1
18,41,-1.80838,-0.46986,1
19,41,-1.75838,-0.46986,1
20,41,-1.70838,-0.46986,1
36,41,-0.90838,-0.46986,1
39,41,-0.75838,-0.46986,1
41,41,-0.65838,-0.46986,1
44,41,-0.50838,-0.46986,1
45,41,-0.45838,-0.46986,1
46,41,-0.40838,-0.46986,1
47,41,-0.35838,-0.46986,1
51,41,-0.15838,-0.46986,1
54,41,-0.00838,-0.46986,1
55,41,0.04162,-0.46986,1
56,41,0.09162,-0.46986,1
57,41,0.14162,-0.46986,1
62,41,0.39162,-0.46986,1
64,41,0.49162,-0.46986,1
65,41,0.54162,-0.46986,1
66,41,0.59162,-0.46986,1
79,41,1.24162,-0.46986,1
80,41,1.29162,-0.46986,1
91,41,1.84162,-0.46986,1
93,41,1.94162,-0.46986,1
94,41,1.99162,-0.46986,1
105,41,2.54162,-0.46986,1
108,41,2.69162,-0.46986,1
109,41,2.74162,-0.46986,1
115,41,3.04162,-0.46986,1
126,41,3.59162,-0.46986,1
13,42,-2.05838,-0.41986,1
14,42,-2.00838,-0.41986,1
15,42,-1.95838,-0.41986,1
18,42,-1.80838,-0.41986,1
19,42,-1.75838,-0.41986,1
43,42,-0.55838,-0.41986,1
44,42,-0.50838,-0.41986,1
45,42,-0.45838,-0.41986,1
46,42,-0.40838,-0.41986,1
55,42,0.04162,-0.41986,1
56,42,0.09162,-0.41986,1
57,42,0.14162,-0.41986,1
58,42,0.19162,-0.41986,1
59,42,0.24162,-0.41986,1
60,42,0.29162,-0.41986,1
61,42,0.34162,-0.41986,1
62,42,0.39162,-0.41986,1
63,42,0.44162,-0.41986,1
64,42,0.49162,-0.41986,1
65,42,0.54162,-0.41986,1
66,42,0.59162,-0.41986,1
88,42,1.69162,-0.41986,1
89,42,1.74162,-0.41986,1
90,42,1.79162,-0.41986,1
91,42,1.84162,-0.41986,1
92,42,1.89162,-0.41986,1
93,42,1.94162,-0.41986,1
95,42,2.04162,-0.41986,1
100,42,2.29162,-0.41986,1
103,42,2.44162,-0.41986,1
107,42,2.64162,-0.41986,1
110,42,2.79162,-0.41986,1
113,42,2.94162,-0.41986,1
114,42,2.99162,-0.41986,1
127,42,3.64162,-0.41986,1
15,43,-1.95838,-0.36986,1
18,43,-1.80838,-0.36986,1
19,43,-1.75838,-0.36986,1
44,43,-0.50838,-0.36986,1
55,43,0.04162,-0.36986,1
56,43,0.09162,-0.36986,1
57,43,0.14162,-0.36986,1
58,43,0.19162,-0.36986,1
59,43,0.24162,-0.36986,1
60,43,0.29162,-0.36986,1
61,43,0.34162,-0.36986,1
63,43,0.44162,-0.36986,1
64,43,0.49162,-0.36986,1
86,43,1.59162,-0.36986,1
88,43,1.69162,-0.36986,1
89,43,1.74162,-0.36986,1
90,43,1.79162,-0.36986,1
91,43,1.84162,-0.36986,1
92,43,1.89162,-0.36986,1
93,43,1.94162,-0.36986,1
94,43,1.99162,-0.36986,1
104,43,2.49162,-0.36986,1
106,43,2.59162,-0.36986,1
114,43,2.99162,-0.36986,1
115,43,3.04162,-0.36986,1
126,43,3.59162,-0.36986,1
16,44,-1.90838,-0.31986,1
18,44,-1.80838,-0.31986,1
19,44,-1.75838,-0.31986,1
54,44,-0.00838,-0.31986,1
55,44,0.04162,-0.31986,1
56,44,0.09162,-0.31986,1
57,44,0.14162,-0.31986,1
58,44,0.19162,-0.31986,1
59,44,0.24162,-0.31986,1
60,44,0.29162,-0.31986,1
61,44,0.34162,-0.31986,1
63,44,0.44162,-0.31986,1
64,44,0.49162,-0.31986,1
87,44,1.64162,-0.31986,1
88,44,1.69162,-0.31986,1
89,44,1.74162,-0.31986,1
90,44,1.79162,-0.31986,1
91,44,1.84162,-0.31986,1
92,44,1.89162,-0.31986,1
93,44,1.94162,-0.31986,1
94,44,1.99162,-0.31986,1
95,44,2.04162,-0.31986,1
96,44,2.09162,-0.31986,1
102,44,2.39162,-0.31986,1
104,44,2.49162,-0.31986,1
105,44,2.54162,-0.31986,1
107,44,2.64162,-0.31986,1
108,44,2.69162,-0.31986,1
114,44,2.99162,-0.31986,1
116,44,3.09162,-0.31986,1
127,44,3.64162,-0.31986,1
20,45,-1.70838,-0.26986,1
57,45,0.14162,-0.26986,1
86,45,1.59162,-0.26986,1
87,45,1.64162,-0.26986,1
88,45,1.69162,-0.26986,1
89,45,1.74162,-0.26986,1
90,45,1.79162,-0.26986,1
91,45,1.84162,-0.26986,1
92,45,1.89162,-0.26986,1
93,45,1.94162,-0.26986,1
94,45,1.99162,-0.26986,1
95,45,2.04162,-0.26986,1
97,45,2.14162,-0.26986,1
98,45,2.19162,-0.26986,1
102,45,2.39162,-0.26986,1
103,45,2.44162,-0.26986,1
108,45,2.69162,-0.26986,1
127,45,3.64162,-0.26986,1
15,46,-1.95838,-0.21986,1
23,46,-1.55838,-0.21986,1
25,46,-1.45838,-0.21986,1
59,46,0.24162,-0.21986,1
86,46,1.59162,-0.21986,1
87,46,1.64162,-0.21986,1
88,46,1.69162,-0.21986,1
89,46,1.74162,-0.21986,1
90,46,1.79162,-0.21986,1
91,46,1.84162,-0.21986,1
92,46,1.89162,-0.21986,1
93,46,1.94162,-0.21986,1
94,46,1.99162,-0.21986,1
95,46,2.04162,-0.21986,1
97,46,2.14162,-0.21986,1
98,46,2.19162,-0.21986,1
99,46,2.24162,-0.21986,1
102,46,2.39162,-0.21986,1
103,46,2.44162,-0.21986,1
104,46,2.49162,-0.21986,1
105,46,2.54162,-0.21986,1
114,46,2.99162,-0.21986,1
127,46,3.64162,-0.21986,1
128,46,3.69162,-0.21986,1
24,47,-1.50838,-0.16986,1
26,47,-1.40838,-0.16986,1
27,47,-1.35838,-0.16986,1
86,47,1.59162,-0.16986,1
87,47,1.64162,-0.16986,1
88,47,1.69162,-0.16986,1
89,47,1.74162,-0.16986,1
90,47,1.79162,-0.16986,1
91,47,1.84162,-0.16986,1
92,47,1.89162,-0.16986,1
94,47,1.99162,-0.16986,1
95,47,2.04162,-0.16986,1
96,47,2.09162,-0.16986,1
97,47,2.14162,-0.16986,1
98,47,2.19162,-0.16986,1
100,47,2.29162,-0.16986,1
101,47,2.34162,-0.16986,1
102,47,2.39162,-0.16986,1
103,47,2.44162,-0.16986,1
106,47,2.59162,-0.16986,1
107,47,2.64162,-0.16986,1
114,47,2.99162,-0.16986,1
115,47,3.04162,-0.16986,1
127,47,3.64162,-0.16986,1
128,47,3.69162,-0.16986,1
26,48,-1.40838,-0.11986,1
27,48,-1.35838,-0.11986,1
28,48,-1.30838,-0.11986,1
86,48,1.59162,-0.11986,1
87,48,1.64162,-0.11986,1
88,48,1.69162,-0.11986,1
89,48,1.74162,-0.11986,1
90,48,1.79162,-0.11986,1
91,48,1.84162,-0.11986,1
92,48,1.89162,-0.11986,1
95,48,2.04162,-0.11986,1
97,48,2.14162,-0.11986,1
98,48,2.19162,-0.11986,1
99,48,2.24162,-0.11986,1
102,48,2.39162,-0.11986,1
103,48,2.44162,-0.11986,1
104,48,2.49162,-0.11986,1
114,48,2.99162,-0.11986,1
115,48,3.04162,-0.11986,1
128,48,3.69162,-0.11986,1
129,48,3.74162,-0.11986,1
28,49,-1.30838,-0.06986,1
29,49,-1.25838,-0.06986,1
30,49,-1.20838,-0.06986,1
86,49,1.59162,-0.06986,1
87,49,1.64162,-0.06986,1
88,49,1.69162,-0.06986,1
89,49,1.74162,-0.06986,1
90,49,1.79162,-0.06986,1
91,49,1.84162,-0.06986,1
92,49,1.89162,-0.06986,1
94,49,1.99162,-0.06986,1
95,49,2.04162,-0.06986,1
96,49,2.09162,-0.06986,1
97,49,2.14162,-0.06986,1
101,49,2.34162,-0.06986,1
104,49,2.49162,-0.06986,1
115,49,3.04162,-0.06986,1
125,49,3.54162,-0.06986,1
126,49,3.59162,-0.06986,1
127,49,3.64162,-0.06986,1
128,49,3.69162,-0.06986,1
28,50,-1.30838,-0.01986,1
29,50,-1.25838,-0.01986,1
30,50,-1.20838,-0.01986,1
31,50,-1.15838,-0.01986,1
32,50,-1.10838,-0.01986,1
86,50,1.59162,-0.01986,1
87,50,1.64162,-0.01986,1
88,50,1.69162,-0.01986,1
89,50,1.74162,-0.01986,1
90,50,1.79162,-0.01986,1
91,50,1.84162,-0.01986,1
92,50,1.89162,-0.01986,1
94,50,1.99162,-0.01986,1
95,50,2.04162,-0.01986,1
96,50,2.09162,-0.01986,1
97,50,2.14162,-0.01986,1
98,50,2.19162,-0.01986,1
113,50,2.94162,-0.01986,1
115,50,3.04162,-0.01986,1
116,50,3.09162,-0.01986,1
128,50,3.69162,-0.01986,1
129,50,3.74162,-0.01986,1
29,51,-1.25838,0.03014,1
30,51,-1.20838,0.03014,1
31,51,-1.15838,0.03014,1
32,51,-1.10838,0.03014,1
54,51,-0.00838,0.03014,1
86,51,1.59162,0.03014,1
87,51,1.64162,0.03014,1
88,51,1.69162,0.03014,1
89,51,1.74162,0.03014,1
90,51,1.79162,0.03014,1
91,51,1.84162,0.03014,1
92,51,1.89162,0.03014,1
93,51,1.94162,0.03014,1
94,51,1.99162,0.03014,1
95,51,2.04162,0.03014,1
96,51,2.09162,0.03014,1
97,51,2.14162,0.03014,1
103,51,2.44162,0.03014,1
104,51,2.49162,0.03014,1
113,51,2.94162,0.03014,1
114,51,2.99162,0.03014,1
117,51,3.14162,0.03014,1
126,51,3.59162,0.03014,1
128,51,3.69162,0.03014,1
129,51,3.74162,0.03014,1
30,52,-1.20838,0.08014,1
31,52,-1.15838,0.08014,1
32,52,-1.10838,0.08014,1
52,52,-0.10838,0.08014,1
53,52,-0.05838,0.08014,1
87,52,1.64162,0.08014,1
88,52,1.69162,0.08014,1
89,52,1.74162,0.08014,1
90,52,1.79162,0.08014,1
91,52,1.84162,0.08014,1
92,52,1.89162,0.08014,1
93,52,1.94162,0.08014,1
94,52,1.99162,0.08014,1
95,52,2.04162,0.08014,1
96,52,2.09162,0.08014,1
103,52,2.44162,0.08014,1
110,52,2.79162,0.08014,1
113,52,2.94162,0.08014,1
115,52,3.04162,0.08014,1
116,52,3.09162,0.08014,1
117,52,3.14162,0.08014,1
118,52,3.19162,0.08014,1
128,52,3.69162,0.08014,1
129,52,3.74162,0.08014,1
31,53,-1.15838,0.13014,1
32,53,-1.10838,0.13014,1
33,53,-1.05838,0.13014,1
34,53,-1.00838,0.13014,1
51,53,-0.15838,0.13014,1
88,53,1.69162,0.13014,1
89,53,1.74162,0.13014,1
90,53,1.79162,0.13014,1
91,53,1.84162,0.13014,1
92,53,1.89162,0.13014,1
93,53,1.94162,0.13014,1
94,53,1.99162,0.13014,1
95,53,2.04162,0.13014,1
97,53,2.14162,0.13014,1
101,53,2.34162,0.13014,1
103,53,2.44162,0.13014,1
104,53,2.49162,0.13014,1
107,53,2.64162,0.13014,1
113,53,2.94162,0.13014,1
114,53,2.99162,0.13014,1
115,53,3.04162,0.13014,1
116,53,3.09162,0.13014,1
129,53,3.74162,0.13014,1
32,54,-1.10838,0.18014,1
33,54,-1.05838,0.18014,1
34,54,-1.00838,0.18014,1
90,54,1.79162,0.18014,1
91,54,1.84162,0.18014,1
92,54,1.89162,0.18014,1
93,54,1.94162,0.18014,1
94,54,1.99162,0.18014,1
95,54,2.04162,0.18014,1
96,54,2.09162,0.18014,1
98,54,2.19162,0.18014,1
100,54,2.29162,0.18014,1
103,54,2.44162,0.18014,1
104,54,2.49162,0.18014,1
108,54,2.69162,0.18014,1
110,54,2.79162,0.18014,1
111,54,2.84162,0.18014,1
113,54,2.94162,0.18014,1
114,54,2.99162,0.18014,1
116,54,3.09162,0.18014,1
127,54,3.64162,0.18014,1
128,54,3.69162,0.18014,1
129,54,3.74162,0.18014,1
33,55,-1.05838,0.23014,1
34,55,-1.00838,0.23014,1
35,55,-0.95838,0.23014,1
36,55,-0.90838,0.23014,1
91,55,1.84162,0.23014,1
92,55,1.89162,0.23014,1
93,55,1.94162,0.23014,1
94,55,1.99162,0.23014,1
95,55,2.04162,0.23014,1
96,55,2.09162,0.23014,1
97,55,2.14162,0.23014,1
103,55,2.44162,0.23014,1
104,55,2.49162,0.23014,1
105,55,2.54162,0.23014,1
108,55,2.69162,0.23014,1
111,55,2.84162,0.23014,1
113,55,2.94162,0.23014,1
114,55,2.99162,0.23014,1
115,55,3.04162,0.23014,1
118,55,3.19162,0.23014,1
127,55,3.64162,0.23014,1
128,55,3.69162,0.23014,1
129,55,3.74162,0.23014,1
130,55,3.79162,0.23014,1
34,56,-1.00838,0.28014,1
35,56,-0.95838,0.28014,1
36,56,-0.90838,0.28014,1
37,56,-0.85838,0.28014,1
38,56,-0.80838,0.28014,1
91,56,1.84162,0.28014,1
92,56,1.89162,0.28014,1
93,56,1.94162,0.28014,1
94,56,1.99162,0.28014,1
95,56,2.04162,0.28014,1
103,56,2.44162,0.28014,1
104,56,2.49162,0.28014,1
106,56,2.59162,0.28014,1
109,56,2.74162,0.28014,1
110,56,2.79162,0.28014,1
111,56,2.84162,0.28014,1
113,56,2.94162,0.28014,1
114,56,2.99162,0.28014,1
115,56,3.04162,0.28014,1
117,56,3.14162,0.28014,1
118,56,3.19162,0.28014,1
119,56,3.24162,0.28014,1
120,56,3.29162,0.28014,1
125,56,3.54162,0.28014,1
127,56,3.64162,0.28014,1
128,56,3.69162,0.28014,1
129,56,3.74162,0.28014,1
130,56,3.79162,0.28014,1
35,57,-0.95838,0.33014,1
36,57,-0.90838,0.33014,1
37,57,-0.85838,0.33014,1
38,57,-0.80838,0.33014,1
39,57,-0.75838,0.33014,1
40,57,-0.70838,0.33014,1
41,57,-0.65838,0.33014,1
42,57,-0.60838,0.33014,1
72,57,0.89162,0.33014,1
103,57,2.44162,0.33014,1
104,57,2.49162,0.33014,1
105,57,2.54162,0.33014,1
106,57,2.59162,0.33014,1
107,57,2.64162,0.33014,1
108,57,2.69162,0.33014,1
109,57,2.74162,0.33014,1
114,57,2.99162,0.33014,1
115,57,3.04162,0.33014,1
116,57,3.09162,0.33014,1
126,57,3.59162,0.33014,1
127,57,3.64162,0.33014,1
128,57,3.69162,0.33014,1
129,57,3.74162,0.33014,1
130,57,3.79162,0.33014,1
34,58,-1.00838,0.38014,1
35,58,-0.95838,0.38014,1
36,58,-0.90838,0.38014,1
37,58,-0.85838,0.38014,1
38,58,-0.80838,0.38014,1
39,58,-0.75838,0.38014,1
40,58,-0.70838,0.38014,1
41,58,-0.65838,0.38014,1
42,58,-0.60838,0.38014,1
104,58,2.49162,0.38014,1
105,58,2.54162,0.38014,1
106,58,2.59162,0.38014,1
110,58,2.79162,0.38014,1
112,58,2.89162,0.38014,1
114,58,2.99162,0.38014,1
125,58,3.54162,0.38014,1
127,58,3.64162,0.38014,1
128,58,3.69162,0.38014,1
129,58,3.74162,0.38014,1
130,58,3.79162,0.38014,1
33,59,-1.05838,0.43014,1
34,59,-1.00838,0.43014,1
35,59,-0.95838,0.43014,1
36,59,-0.90838,0.43014,1
37,59,-0.85838,0.43014,1
39,59,-0.75838,0.43014,1
104,59,2.49162,0.43014,1
105,59,2.54162,0.43014,1
106,59,2.59162,0.43014,1
107,59,2.64162,0.43014,1
112,59,2.89162,0.43014,1
113,59,2.94162,0.43014,1
114,59,2.99162,0.43014,1
115,59,3.04162,0.43014,1
116,59,3.09162,0.43014,1
117,59,3.14162,0.43014,1
122,59,3.39162,0.43014,1
123,59,3.44162,0.43014,1
124,59,3.49162,0.43014,1
127,59,3.64162,0.43014,1
128,59,3.69162,0.43014,1
129,59,3.74162,0.43014,1
130,59,3.79162,0.43014,1
32,60,-1.10838,0.48014,1
33,60,-1.05838,0.48014,1
34,60,-1.00838,0.48014,1
35,60,-0.95838,0.48014,1
104,60,2.49162,0.48014,1
105,60,2.54162,0.48014,1
106,60,2.59162,0.48014,1
107,60,2.64162,0.48014,1
109,60,2.74162,0.48014,1
112,60,2.89162,0.48014,1
114,60,2.99162,0.48014,1
115,60,3.04162,0.48014,1
116,60,3.09162,0.48014,1
117,60,3.14162,0.48014,1
118,60,3.19162,0.48014,1
119,60,3.24162,0.48014,1
120,60,3.29162,0.48014,1
121,60,3.34162,0.48014,1
123,60,3.44162,0.48014,1
127,60,3.64162,0.48014,1
128,60,3.69162,0.48014,1
129,60,3.74162,0.48014,1
130,60,3.79162,0.48014,1
31,61,-1.15838,0.53014,1
32,61,-1.10838,0.53014,1
33,61,-1.05838,0.53014,1
102,61,2.39162,0.53014,1
103,61,2.44162,0.53014,1
104,61,2.49162,0.53014,1
105,61,2.54162,0.53014,1
106,61,2.59162,0.53014,1
107,61,2.64162,0.53014,1
108,61,2.69162,0.53014,1
110,61,2.79162,0.53014,1
111,61,2.84162,0.53014,1
113,61,2.94162,0.53014,1
114,61,2.99162,0.53014,1
115,61,3.04162,0.53014,1
116,61,3.09162,0.53014,1
117,61,3.14162,0.53014,1
118,61,3.19162,0.53014,1
120,61,3.29162,0.53014,1
121,61,3.34162,0.53014,1
122,61,3.39162,0.53014,1
126,61,3.59162,0.53014,1
127,61,3.64162,0.53014,1
128,61,3.69162,0.53014,1
129,61,3.74162,0.53014,1
130,61,3.79162,0.53014,1
30,62,-1.20838,0.58014,1
31,62,-1.15838,0.58014,1
32,62,-1.10838,0.58014,1
33,62,-1.05838,0.58014,1
100,62,2.29162,0.58014,1
101,62,2.34162,0.58014,1
102,62,2.39162,0.58014,1
103,62,2.44162,0.58014,1
104,62,2.49162,0.58014,1
105,62,2.54162,0.58014,1
106,62,2.59162,0.58014,1
110,62,2.79162,0.58014,1
111,62,2.84162,0.58014,1
113,62,2.94162,0.58014,1
114,62,2.99162,0.58014,1
115,62,3.04162,0.58014,1
116,62,3.09162,0.58014,1
117,62,3.14162,0.58014,1
118,62,3.19162,0.58014,1
119,62,3.24162,0.58014,1
120,62,3.29162,0.58014,1
121,62,3.34162,0.58014,1
122,62,3.39162,0.58014,1
123,62,3.44162,0.58014,1
125,62,3.54162,0.58014,1
127,62,3.64162,0.58014,1
128,62,3.69162,0.58014,1
129,62,3.74162,0.58014,1
130,62,3.79162,0.58014,1
15,63,-1.95838,0.63014,1
16,63,-1.90838,0.63014,1
30,63,-1.20838,0.63014,1
31,63,-1.15838,0.63014,1
32,63,-1.10838,0.63014,1
101,63,2.34162,0.63014,1
102,63,2.39162,0.63014,1
103,63,2.44162,0.63014,1
104,63,2.49162,0.63014,1
105,63,2.54162,0.63014,1
106,63,2.59162,0.63014,1
107,63,2.64162,0.63014,1
108,63,2.69162,0.63014,1
109,63,2.74162,0.63014,1
110,63,2.79162,0.63014,1
112,63,2.89162,0.63014,1
114,63,2.99162,0.63014,1
115,63,3.04162,0.63014,1
116,63,3.09162,0.63014,1
117,63,3.14162,0.63014,1
118,63,3.19162,0.63014,1
120,63,3.29162,0.63014,1
121,63,3.34162,0.63014,1
123,63,3.44162,0.63014,1
125,63,3.54162,0.63014,1
127,63,3.64162,0.63014,1
128,63,3.69162,0.63014,1
129,63,3.74162,0.63014,1
130,63,3.79162,0.63014,1
12,64,-2.10838,0.68014,1
13,64,-2.05838,0.68014,1
14,64,-2.00838,0.68014,1
16,64,-1.90838,0.68014,1
28,64,-1.30838,0.68014,1
29,64,-1.25838,0.68014,1
30,64,-1.20838,0.68014,1
31,64,-1.15838,0.68014,1
100,64,2.29162,0.68014,1
101,64,2.34162,0.68014,1
102,64,2.39162,0.68014,1
103,64,2.44162,0.68014,1
104,64,2.49162,0.68014,1
105,64,2.54162,0.68014,1
106,64,2.59162,0.68014,1
107,64,2.64162,0.68014,1
108,64,2.69162,0.68014,1
109,64,2.74162,0.68014,1
110,64,2.79162,0.68014,1
112,64,2.89162,0.68014,1
114,64,2.99162,0.68014,1
115,64,3.04162,0.68014,1
116,64,3.09162,0.68014,1
117,64,3.14162,0.68014,1
118,64,3.19162,0.68014,1
119,64,3.24162,0.68014,1
120,64,3.29162,0.68014,1
121,64,3.34162,0.68014,1
123,64,3.44162,0.68014,1
124,64,3.49162,0.68014,1
125,64,3.54162,0.68014,1
126,64,3.59162,0.68014,1
127,64,3.64162,0.68014,1
128,64,3.69162,0.68014,1
129,64,3.74162,0.68014,1
130,64,3.79162,0.68014,1
13,65,-2.05838,0.73014,1
16,65,-1.90838,0.73014,1
17,65,-1.85838,0.73014,1
26,65,-1.40838,0.73014,1
71,65,0.84162,0.73014,1
83,65,1.44162,0.73014,1
101,65,2.34162,0.73014,1
102,65,2.39162,0.73014,1
103,65,2.44162,0.73014,1
104,65,2.49162,0.73014,1
105,65,2.54162,0.73014,1
106,65,2.59162,0.73014,1
107,65,2.64162,0.73014,1
108,65,2.69162,0.73014,1
109,65,2.74162,0.73014,1
110,65,2.79162,0.73014,1
111,65,2.84162,0.73014,1
112,65,2.89162,0.73014,1
114,65,2.99162,0.73014,1
115,65,3.04162,0.73014,1
116,65,3.09162,0.73014,1
117,65,3.14162,0.73014,1
118,65,3.19162,0.73014,1
119,65,3.24162,0.73014,1
120,65,3.29162,0.73014,1
123,65,3.44162,0.73014,1
124,65,3.49162,0.73014,1
125,65,3.54162,0.73014,1
130,65,3.79162,0.73014,1
131,65,3.84162,0.73014,1
132,65,3.89162,0.73014,1
16,66,-1.90838,0.78014,1
82,66,1.39162,0.78014,1
83,66,1.44162,0.78014,1
84,66,1.49162,0.78014,1
104,66,2.49162,0.78014,1
105,66,2.54162,0.78014,1
106,66,2.59162,0.78014,1
107,66,2.64162,0.78014,1
109,66,2.74162,0.78014,1
110,66,2.79162,0.78014,1
111,66,2.84162,0.78014,1
112,66,2.89162,0.78014,1
114,66,2.99162,0.78014,1
115,66,3.04162,0.78014,1
116,66,3.09162,0.78014,1
118,66,3.19162,0.78014,1
119,66,3.24162,0.78014,1
126,66,3.59162,0.78014,1
127,66,3.64162,0.78014,1
128,66,3.69162,0.78014,1
129,66,3.74162,0.78014,1
130,66,3.79162,0.78014,1
131,66,3.84162,0.78014,1
15,67,-1.95838,0.83014,1
16,67,-1.90838,0.83014,1
17,67,-1.85838,0.83014,1
64,67,0.49162,0.83014,1
65,67,0.54162,0.83014,1
66,67,0.59162,0.83014,1
68,67,0.69162,0.83014,1
79,67,1.24162,0.83014,1
81,67,1.34162,0.83014,1
82,67,1.39162,0.83014,1
83,67,1.44162,0.83014,1
84,67,1.49162,0.83014,1
105,67,2.54162,0.83014,1
106,67,2.59162,0.83014,1
107,67,2.64162,0.83014,1
108,67,2.69162,0.83014,1
109,67,2.74162,0.83014,1
110,67,2.79162,0.83014,1
111,67,2.84162,0.83014,1
112,67,2.89162,0.83014,1
113,67,2.94162,0.83014,1
115,67,3.04162,0.83014,1
116,67,3.09162,0.83014,1
117,67,3.14162,0.83014,1
118,67,3.19162,0.83014,1
130,67,3.79162,0.83014,1
131,67,3.84162,0.83014,1
14,68,-2.00838,0.88014,1
16,68,-1.90838,0.88014,1
17,68,-1.85838,0.88014,1
61,68,0.34162,0.88014,1
64,68,0.49162,0.88014,1
65,68,0.54162,0.88014,1
66,68,0.59162,0.88014,1
67,68,0.64162,0.88014,1
69,68,0.74162,0.88014,1
78,68,1.19162,0.88014,1
79,68,1.24162,0.88014,1
80,68,1.29162,0.88014,1
81,68,1.34162,0.88014,1
82,68,1.39162,0.88014,1
83,68,1.44162,0.88014,1
84,68,1.49162,0.88014,1
89,68,1.74162,0.88014,1
105,68,2.54162,0.88014,1
106,68,2.59162,0.88014,1
107,68,2.64162,0.88014,1
108,68,2.69162,0.88014,1
109,68,2.74162,0.88014,1
110,68,2.79162,0.88014,1
111,68,2.84162,0.88014,1
112,68,2.89162,0.88014,1
113,68,2.94162,0.88014,1
114,68,2.99162,0.88014,1
116,68,3.09162,0.88014,1
117,68,3.14162,0.88014,1
130,68,3.79162,0.88014,1
131,68,3.84162,0.88014,1
132,68,3.89162,0.88014,1
16,69,-1.90838,0.93014,1
17,69,-1.85838,0.93014,1
61,69,0.34162,0.93014,1
63,69,0.44162,0.93014,1
64,69,0.49162,0.93014,1
65,69,0.54162,0.93014,1
66,69,0.59162,0.93014,1
67,69,0.64162,0.93014,1
68,69,0.69162,0.93014,1
69,69,0.74162,0.93014,1
78,69,1.19162,0.93014,1
79,69,1.24162,0.93014,1
80,69,1.29162,0.93014,1
81,69,1.34162,0.93014,1
82,69,1.39162,0.93014,1
83,69,1.44162,0.93014,1
84,69,1.49162,0.93014,1
86,69,1.59162,0.93014,1
87,69,1.64162,0.93014,1
89,69,1.74162,0.93014,1
106,69,2.59162,0.93014,1
111,69,2.84162,0.93014,1
112,69,2.89162,0.93014,1
113,69,2.94162,0.93014,1
114,69,2.99162,0.93014,1
115,69,3.04162,0.93014,1
131,69,3.84162,0.93014,1
132,69,3.89162,0.93014,1
133,69,3.94162,0.93014,1
15,70,-1.95838,0.98014,1
16,70,-1.90838,0.98014,1
17,70,-1.85838,0.98014,1
61,70,0.34162,0.98014,1
62,70,0.39162,0.98014,1
63,70,0.44162,0.98014,1
64,70,0.49162,0.98014,1
65,70,0.54162,0.98014,1
66,70,0.59162,0.98014,1
67,70,0.64162,0.98014,1
68,70,0.69162,0.98014,1
69,70,0.74162,0.98014,1
70,70,0.79162,0.98014,1
71,70,0.84162,0.98014,1
78,70,1.19162,0.98014,1
79,70,1.24162,0.98014,1
80,70,1.29162,0.98014,1
81,70,1.34162,0.98014,1
82,70,1.39162,0.98014,1
83,70,1.44162,0.98014,1
84,70,1.49162,0.98014,1
85,70,1.54162,0.98014,1
87,70,1.64162,0.98014,1
90,70,1.79162,0.98014,1
108,70,2.69162,0.98014,1
112,70,2.89162,0.98014,1
113,70,2.94162,0.98014,1
114,70,2.99162,0.98014,1
116,70,3.09162,0.98014,1
130,70,3.79162,0.98014,1
131,70,3.84162,0.98014,1
132,70,3.89162,0.98014,1
10,71,-2.20838,1.03014,1
11,71,-2.15838,1.03014,1
12,71,-2.10838,1.03014,1
13,71,-2.05838,1.03014,1
14,71,-2.00838,1.03014,1
15,71,-1.95838,1.03014,1
16,71,-1.90838,1.03014,1
62,71,0.39162,1.03014,1
63,71,0.44162,1.03014,1
64,71,0.49162,1.03014,1
65,71,0.54162,1.03014,1
66,71,0.59162,1.03014,1
67,71,0.64162,1.03014,1
68,71,0.69162,1.03014,1
69,71,0.74162,1.03014,1
70,71,0.79162,1.03014,1
71,71,0.84162,1.03014,1
72,71,0.89162,1.03014,1
73,71,0.94162,1.03014,1
78,71,1.19162,1.03014,1
79,71,1.24162,1.03014,1
80,71,1.29162,1.03014,1
81,71,1.34162,1.03014,1
82,71,1.39162,1.03014,1
83,71,1.44162,1.03014,1
84,71,1.49162,1.03014,1
85,71,1.54162,1.03014,1
86,71,1.59162,1.03014,1
87,71,1.64162,1.03014,1
88,71,1.69162,1.03014,1
89,71,1.74162,1.03014,1
112,71,2.89162,1.03014,1
113,71,2.94162,1.03014,1
114,71,2.99162,1.03014,1
130,71,3.79162,1.03014,1
131,71,3.84162,1.03014,1
132,71,3.89162,1.03014,1
134,71,3.99162,1.03014,1
10,72,-2.20838,1.08014,1
11,72,-2.15838,1.08014,1
12,72,-2.10838,1.08014,1
17,72,-1.85838,1.08014,1
62,72,0.39162,1.08014,1
63,72,0.44162,1.08014,1
64,72,0.49162,1.08014,1
65,72,0.54162,1.08014,1
66,72,0.59162,1.08014,1
67,72,0.64162,1.08014,1
68,72,0.69162,1.08014,1
69,72,0.74162,1.08014,1
70,72,0.79162,1.08014,1
71,72,0.84162,1.08014,1
72,72,0.89162,1.08014,1
73,72,0.94162,1.08014,1
74,72,0.99162,1.08014,1
75,72,1.04162,1.08014,1
76,72,1.09162,1.08014,1
77,72,1.14162,1.08014,1
78,72,1.19162,1.08014,1
79,72,1.24162,1.08014,1
80,72,1.29162,1.08014,1
81,72,1.34162,1.08014,1
82,72,1.39162,1.08014,1
83,72,1.44162,1.08014,1
84,72,1.49162,1.08014,1
85,72,1.54162,1.08014,1
86,72,1.59162,1.08014,1
87,72,1.64162,1.08014,1
89,72,1.74162,1.08014,1
90,72,1.79162,1.08014,1
131,72,3.84162,1.08014,1
132,72,3.89162,1.08014,1
10,73,-2.20838,1.13014,1
11,73,-2.15838,1.13014,1
16,73,-1.90838,1.13014,1
17,73,-1.85838,1.13014,1
18,73,-1.80838,1.13014,1
63,73,0.44162,1.13014,1
64,73,0.49162,1.13014,1
65,73,0.54162,1.13014,1
66,73,0.59162,1.13014,1
67,73,0.64162,1.13014,1
68,73,0.69162,1.13014,1
69,73,0.74162,1.13014,1
70,73,0.79162,1.13014,1
71,73,0.84162,1.13014,1
72,73,0.89162,1.13014,1
73,73,0.94162,1.13014,1
74,73,0.99162,1.13014,1
75,73,1.04162,1.13014,1
76,73,1.09162,1.13014,1
77,73,1.14162,1.13014,1
78,73,1.19162,1.13014,1
79,73,1.24162,1.13014,1
80,73,1.29162,1.13014,1
81,73,1.34162,1.13014,1
82,73,1.39162,1.13014,1
83,73,1.44162,1.13014,1
84,73,1.49162,1.13014,1
85,73,1.54162,1.13014,1
86,73,1.59162,1.13014,1
87,73,1.64162,1.13014,1
88,73,1.69162,1.13014,1
130,73,3.79162,1.13014,1
131,73,3.84162,1.13014,1
132,73,3.89162,1.13014,1
134,73,3.99162,1.13014,1
135,73,4.04162,1.13014,1
10,74,-2.20838,1.18014,1
11,74,-2.15838,1.18014,1
14,74,-2.00838,1.18014,1
15,74,-1.95838,1.18014,1
16,74,-1.90838,1.18014,1
19,74,-1.75838,1.18014,1
63,74,0.44162,1.18014,1
64,74,0.49162,1.18014,1
65,74,0.54162,1.18014,1
66,74,0.59162,1.18014,1
67,74,0.64162,1.18014,1
68,74,0.69162,1.18014,1
69,74,0.74162,1.18014,1
70,74,0.79162,1.18014,1
71,74,0.84162,1.18014,1
72,74,0.89162,1.18014,1
73,74,0.94162,1.18014,1
74,74,0.99162,1.18014,1
75,74,1.04162,1.18014,1
76,74,1.09162,1.18014,1
77,74,1.14162,1.18014,1
78,74,1.19162,1.18014,1
79,74,1.24162,1.18014,1
80,74,1.29162,1.18014,1
81,74,1.34162,1.18014,1
82,74,1.39162,1.18014,1
83,74,1.44162,1.18014,1
84,74,1.49162,1.18014,1
85,74,1.54162,1.18014,1
86,74,1.59162,1.18014,1
87,74,1.64162,1.18014,1
93,74,1.94162,1.18014,1
131,74,3.84162,1.18014,1
132,74,3.89162,1.18014,1
133,74,3.94162,1.18014,1
10,75,-2.20838,1.23014,1
11,75,-2.15838,1.23014,1
12,75,-2.10838,1.23014,1
13,75,-2.05838,1.23014,1
14,75,-2.00838,1.23014,1
15,75,-1.95838,1.23014,1
17,75,-1.85838,1.23014,1
18,75,-1.80838,1.23014,1
19,75,-1.75838,1.23014,1
20,75,-1.70838,1.23014,1
21,75,-1.65838,1.23014,1
22,75,-1.60838,1.23014,1
63,75,0.44162,1.23014,1
64,75,0.49162,1.23014,1
65,75,0.54162,1.23014,1
68,75,0.69162,1.23014,1
71,75,0.84162,1.23014,1
72,75,0.89162,1.23014,1
73,75,0.94162,1.23014,1
74,75,0.99162,1.23014,1
75,75,1.04162,1.23014,1
76,75,1.09162,1.23014,1
78,75,1.19162,1.23014,1
79,75,1.24162,1.23014,1
80,75,1.29162,1.23014,1
81,75,1.34162,1.23014,1
82,75,1.39162,1.23014,1
83,75,1.44162,1.23014,1
84,75,1.49162,1.23014,1
85,75,1.54162,1.23014,1
86,75,1.59162,1.23014,1
87,75,1.64162,1.23014,1
88,75,1.69162,1.23014,1
90,75,1.79162,1.23014,1
94,75,1.99162,1.23014,1
95,75,2.04162,1.23014,1
98,75,2.19162,1.23014,1
99,75,2.24162,1.23014,1
131,75,3.84162,1.23014,1
132,75,3.89162,1.23014,1
133,75,3.94162,1.23014,1
135,75,4.04162,1.23014,1
10,76,-2.20838,1.28014,1
11,76,-2.15838,1.28014,1
12,76,-2.10838,1.28014,1
13,76,-2.05838,1.28014,1
14,76,-2.00838,1.28014,1
15,76,-1.95838,1.28014,1
16,76,-1.90838,1.28014,1
17,76,-1.85838,1.28014,1
18,76,-1.80838,1.28014,1
19,76,-1.75838,1.28014,1
20,76,-1.70838,1.28014,1
21,76,-1.65838,1.28014,1
22,76,-1.60838,1.28014,1
23,76,-1.55838,1.28014,1
63,76,0.44162,1.28014,1
64,76,0.49162,1.28014,1
65,76,0.54162,1.28014,1
66,76,0.59162,1.28014,1
68,76,0.69162,1.28014,1
69,76,0.74162,1.28014,1
74,76,0.99162,1.28014,1
75,76,1.04162,1.28014,1
76,76,1.09162,1.28014,1
78,76,1.19162,1.28014,1
79,76,1.24162,1.28014,1
80,76,1.29162,1.28014,1
81,76,1.34162,1.28014,1
82,76,1.39162,1.28014,1
83,76,1.44162,1.28014,1
84,76,1.49162,1.28014,1
85,76,1.54162,1.28014,1
86,76,1.59162,1.28014,1
87,76,1.64162,1.28014,1
89,76,1.74162,1.28014,1
93,76,1.94162,1.28014,1
94,76,1.99162,1.28014,1
95,76,2.04162,1.28014,1
96,76,2.09162,1.28014,1
97,76,2.14162,1.28014,1
98,76,2.19162,1.28014,1
100,76,2.29162,1.28014,1
129,76,3.74162,1.28014,1
130,76,3.79162,1.28014,1
131,76,3.84162,1.28014,1
132,76,3.89162,1.28014,1
133,76,3.94162,1.28014,1
11,77,-2.15838,1.33014,1
12,77,-2.10838,1.33014,1
14,77,-2.00838,1.33014,1
15,77,-1.95838,1.33014,1
16,77,-1.90838,1.33014,1
17,77,-1.85838,1.33014,1
18,77,-1.80838,1.33014,1
19,77,-1.75838,1.33014,1
21,77,-1.65838,1.33014,1
22,77,-1.60838,1.33014,1
23,77,-1.55838,1.33014,1
64,77,0.49162,1.33014,1
65,77,0.54162,1.33014,1
78,77,1.19162,1.33014,1
79,77,1.24162,1.33014,1
80,77,1.29162,1.33014,1
81,77,1.34162,1.33014,1
82,77,1.39162,1.33014,1
83,77,1.44162,1.33014,1
84,77,1.49162,1.33014,1
85,77,1.54162,1.33014,1
86,77,1.59162,1.33014,1
87,77,1.64162,1.33014,1
89,77,1.74162,1.33014,1
93,77,1.94162,1.33014,1
94,77,1.99162,1.33014,1
95,77,2.04162,1.33014,1
96,77,2.09162,1.33014,1
97,77,2.14162,1.33014,1
98,77,2.19162,1.33014,1
99,77,2.24162,1.33014,1
100,77,2.29162,1.33014,1
129,77,3.74162,1.33014,1
131,77,3.84162,1.33014,1
132,77,3.89162,1.33014,1
133,77,3.94162,1.33014,1
135,77,4.04162,1.33014,1
136,77,4.09162,1.33014,1
11,78,-2.15838,1.38014,1
12,78,-2.10838,1.38014,1
13,78,-2.05838,1.38014,1
15,78,-1.95838,1.38014,1
17,78,-1.85838,1.38014,1
18,78,-1.80838,1.38014,1
22,78,-1.60838,1.38014,1
23,78,-1.55838,1.38014,1
64,78,0.49162,1.38014,1
65,78,0.54162,1.38014,1
68,78,0.69162,1.38014,1
69,78,0.74162,1.38014,1
77,78,1.14162,1.38014,1
78,78,1.19162,1.38014,1
79,78,1.24162,1.38014,1
80,78,1.29162,1.38014,1
81,78,1.34162,1.38014,1
82,78,1.39162,1.38014,1
83,78,1.44162,1.38014,1
84,78,1.49162,1.38014,1
87,78,1.64162,1.38014,1
88,78,1.69162,1.38014,1
92,78,1.89162,1.38014,1
93,78,1.94162,1.38014,1
94,78,1.99162,1.38014,1
95,78,2.04162,1.38014,1
96,78,2.09162,1.38014,1
97,78,2.14162,1.38014,1
99,78,2.24162,1.38014,1
129,78,3.74162,1.38014,1
130,78,3.79162,1.38014,1
131,78,3.84162,1.38014,1
132,78,3.89162,1.38014,1
133,78,3.94162,1.38014,1
134,78,3.99162,1.38014,1
136,78,4.09162,1.38014,1
11,79,-2.15838,1.43014,1
12,79,-2.10838,1.43014,1
20,79,-1.70838,1.43014,1
22,79,-1.60838,1.43014,1
23,79,-1.55838,1.43014,1
64,79,0.49162,1.43014,1
65,79,0.54162,1.43014,1
66,79,0.59162,1.43014,1
79,79,1.24162,1.43014,1
80,79,1.29162,1.43014,1
81,79,1.34162,1.43014,1
82,79,1.39162,1.43014,1
89,79,1.74162,1.43014,1
92,79,1.89162,1.43014,1
93,79,1.94162,1.43014,1
94,79,1.99162,1.43014,1
95,79,2.04162,1.43014,1
99,79,2.24162,1.43014,1
124,79,3.49162,1.43014,1
125,79,3.54162,1.43014,1
128,79,3.69162,1.43014,1
129,79,3.74162,1.43014,1
130,79,3.79162,1.43014,1
131,79,3.84162,1.43014,1
132,79,3.89162,1.43014,1
133,79,3.94162,1.43014,1
11,80,-2.15838,1.48014,1
12,80,-2.10838,1.48014,1
20,80,-1.70838,1.48014,1
21,80,-1.65838,1.48014,1
22,80,-1.60838,1.48014,1
23,80,-1.55838,1.48014,1
64,80,0.49162,1.48014,1
65,80,0.54162,1.48014,1
80,80,1.29162,1.48014,1
90,80,1.79162,1.48014,1
93,80,1.94162,1.48014,1
94,80,1.99162,1.48014,1
95,80,2.04162,1.48014,1
96,80,2.09162,1.48014,1
97,80,2.14162,1.48014,1
101,80,2.34162,1.48014,1
123,80,3.44162,1.48014,1
124,80,3.49162,1.48014,1
128,80,3.69162,1.48014,1
129,80,3.74162,1.48014,1
130,80,3.79162,1.48014,1
131,80,3.84162,1.48014,1
132,80,3.89162,1.48014,1
133,80,3.94162,1.48014,1
134,80,3.99162,1.48014,1
11,81,-2.15838,1.53014,1
12,81,-2.10838,1.53014,1
13,81,-2.05838,1.53014,1
17,81,-1.85838,1.53014,1
20,81,-1.70838,1.53014,1
21,81,-1.65838,1.53014,1
22,81,-1.60838,1.53014,1
23,81,-1.55838,1.53014,1
64,81,0.49162,1.53014,1
65,81,0.54162,1.53014,1
66,81,0.59162,1.53014,1
81,81,1.34162,1.53014,1
88,81,1.69162,1.53014,1
93,81,1.94162,1.53014,1
95,81,2.04162,1.53014,1
96,81,2.09162,1.53014,1
97,81,2.14162,1.53014,1
98,81,2.19162,1.53014,1
123,81,3.44162,1.53014,1
124,81,3.49162,1.53014,1
125,81,3.54162,1.53014,1
127,81,3.64162,1.53014,1
129,81,3.74162,1.53014,1
130,81,3.79162,1.53014,1
131,81,3.84162,1.53014,1
132,81,3.89162,1.53014,1
133,81,3.94162,1.53014,1
134,81,3.99162,1.53014,1
11,82,-2.15838,1.58014,1
12,82,-2.10838,1.58014,1
13,82,-2.05838,1.58014,1
16,82,-1.90838,1.58014,1
19,82,-1.75838,1.58014,1
64,82,0.49162,1.58014,1
65,82,0.54162,1.58014,1
66,82,0.59162,1.58014,1
84,82,1.49162,1.58014,1
85,82,1.54162,1.58014,1
90,82,1.79162,1.58014,1
94,82,1.99162,1.58014,1
95,82,2.04162,1.58014,1
96,82,2.09162,1.58014,1
97,82,2.14162,1.58014,1
98,82,2.19162,1.58014,1
99,82,2.24162,1.58014,1
117,82,3.14162,1.58014,1
118,82,3.19162,1.58014,1
119,82,3.24162,1.58014,1
120,82,3.29162,1.58014,1
121,82,3.34162,1.58014,1
122,82,3.39162,1.58014,1
123,82,3.44162,1.58014,1
124,82,3.49162,1.58014,1
125,82,3.54162,1.58014,1
126,82,3.59162,1.58014,1
127,82,3.64162,1.58014,1
129,82,3.74162,1.58014,1
130,82,3.79162,1.58014,1
131,82,3.84162,1.58014,1
132,82,3.89162,1.58014,1
133,82,3.94162,1.58014,1
134,82,3.99162,1.58014,1
12,83,-2.10838,1.63014,1
13,83,-2.05838,1.63014,1
16,83,-1.90838,1.63014,1
17,83,-1.85838,1.63014,1
64,83,0.49162,1.63014,1
65,83,0.54162,1.63014,1
66,83,0.59162,1.63014,1
84,83,1.49162,1.63014,1
85,83,1.54162,1.63014,1
88,83,1.69162,1.63014,1
94,83,1.99162,1.63014,1
95,83,2.04162,1.63014,1
96,83,2.09162,1.63014,1
97,83,2.14162,1.63014,1
98,83,2.19162,1.63014,1
113,83,2.94162,1.63014,1
114,83,2.99162,1.63014,1
115,83,3.04162,1.63014,1
116,83,3.09162,1.63014,1
117,83,3.14162,1.63014,1
118,83,3.19162,1.63014,1
119,83,3.24162,1.63014,1
120,83,3.29162,1.63014,1
121,83,3.34162,1.63014,1
122,83,3.39162,1.63014,1
123,83,3.44162,1.63014,1
124,83,3.49162,1.63014,1
125,83,3.54162,1.63014,1
127,83,3.64162,1.63014,1
129,83,3.74162,1.63014,1
130,83,3.79162,1.63014,1
131,83,3.84162,1.63014,1
132,83,3.89162,1.63014,1
133,83,3.94162,1.63014,1
134,83,3.99162,1.63014,1
12,84,-2.10838,1.68014,1
13,84,-2.05838,1.68014,1
14,84,-2.00838,1.68014,1
63,84,0.44162,1.68014,1
64,84,0.49162,1.68014,1
65,84,0.54162,1.68014,1
66,84,0.59162,1.68014,1
94,84,1.99162,1.68014,1
95,84,2.04162,1.68014,1
96,84,2.09162,1.68014,1
97,84,2.14162,1.68014,1
98,84,2.19162,1.68014,1
111,84,2.84162,1.68014,1
112,84,2.89162,1.68014,1
113,84,2.94162,1.68014,1
114,84,2.99162,1.68014,1
115,84,3.04162,1.68014,1
116,84,3.09162,1.68014,1
117,84,3.14162,1.68014,1
118,84,3.19162,1.68014,1
119,84,3.24162,1.68014,1
120,84,3.29162,1.68014,1
121,84,3.34162,1.68014,1
122,84,3.39162,1.68014,1
123,84,3.44162,1.68014,1
124,84,3.49162,1.68014,1
125,84,3.54162,1.68014,1
126,84,3.59162,1.68014,1
127,84,3.64162,1.68014,1
128,84,3.69162,1.68014,1
129,84,3.74162,1.68014,1
130,84,3.79162,1.68014,1
131,84,3.84162,1.68014,1
132,84,3.89162,1.68014,1
133,84,3.94162,1.68014,1
134,84,3.99162,1.68014,1
13,85,-2.05838,1.73014,1
14,85,-2.00838,1.73014,1
57,85,0.14162,1.73014,1
58,85,0.19162,1.73014,1
60,85,0.29162,1.73014,1
62,85,0.39162,1.73014,1
63,85,0.44162,1.73014,1
64,85,0.49162,1.73014,1
65,85,0.54162,1.73014,1
66,85,0.59162,1.73014,1
81,85,1.34162,1.73014,1
82,85,1.39162,1.73014,1
83,85,1.44162,1.73014,1
84,85,1.49162,1.73014,1
94,85,1.99162,1.73014,1
95,85,2.04162,1.73014,1
96,85,2.09162,1.73014,1
97,85,2.14162,1.73014,1
98,85,2.19162,1.73014,1
110,85,2.79162,1.73014,1
112,85,2.89162,1.73014,1
113,85,2.94162,1.73014,1
114,85,2.99162,1.73014,1
115,85,3.04162,1.73014,1
116,85,3.09162,1.73014,1
117,85,3.14162,1.73014,1
118,85,3.19162,1.73014,1
119,85,3.24162,1.73014,1
120,85,3.29162,1.73014,1
123,85,3.44162,1.73014,1
124,85,3.49162,1.73014,1
125,85,3.54162,1.73014,1
126,85,3.59162,1.73014,1
129,85,3.74162,1.73014,1
130,85,3.79162,1.73014,1
131,85,3.84162,1.73014,1
132,85,3.89162,1.73014,1
133,85,3.94162,1.73014,1
13,86,-2.05838,1.78014,1
14,86,-2.00838,1.78014,1
15,86,-1.95838,1.78014,1
54,86,-0.00838,1.78014,1
55,86,0.04162,1.78014,1
56,86,0.09162,1.78014,1
57,86,0.14162,1.78014,1
58,86,0.19162,1.78014,1
59,86,0.24162,1.78014,1
60,86,0.29162,1.78014,1
61,86,0.34162,1.78014,1
62,86,0.39162,1.78014,1
63,86,0.44162,1.78014,1
64,86,0.49162,1.78014,1
65,86,0.54162,1.78014,1
66,86,0.59162,1.78014,1
82,86,1.39162,1.78014,1
84,86,1.49162,1.78014,1
87,86,1.64162,1.78014,1
93,86,1.94162,1.78014,1
94,86,1.99162,1.78014,1
95,86,2.04162,1.78014,1
96,86,2.09162,1.78014,1
97,86,2.14162,1.78014,1
98,86,2.19162,1.78014,1
111,86,2.84162,1.78014,1
112,86,2.89162,1.78014,1
113,86,2.94162,1.78014,1
114,86,2.99162,1.78014,1
116,86,3.09162,1.78014,1
117,86,3.14162,1.78014,1
119,86,3.24162,1.78014,1
120,86,3.29162,1.78014,1
121,86,3.34162,1.78014,1
127,86,3.64162,1.78014,1
129,86,3.74162,1.78014,1
130,86,3.79162,1.78014,1
131,86,3.84162,1.78014,1
132,86,3.89162,1.78014,1
133,86,3.94162,1.78014,1
13,87,-2.05838,1.83014,1
14,87,-2.00838,1.83014,1
49,87,-0.25838,1.83014,1
50,87,-0.20838,1.83014,1
51,87,-0.15838,1.83014,1
52,87,-0.10838,1.83014,1
53,87,-0.05838,1.83014,1
54,87,-0.00838,1.83014,1
55,87,0.04162,1.83014,1
56,87,0.09162,1.83014,1
57,87,0.14162,1.83014,1
58,87,0.19162,1.83014,1
59,87,0.24162,1.83014,1
60,87,0.29162,1.83014,1
61,87,0.34162,1.83014,1
62,87,0.39162,1.83014,1
63,87,0.44162,1.83014,1
64,87,0.49162,1.83014,1
65,87,0.54162,1.83014,1
76,87,1.09162,1.83014,1
79,87,1.24162,1.83014,1
81,87,1.34162,1.83014,1
82,87,1.39162,1.83014,1
83,87,1.44162,1.83014,1
84,87,1.49162,1.83014,1
85,87,1.54162,1.83014,1
86,87,1.59162,1.83014,1
89,87,1.74162,1.83014,1
90,87,1.79162,1.83014,1
92,87,1.89162,1.83014,1
95,87,2.04162,1.83014,1
96,87,2.09162,1.83014,1
97,87,2.14162,1.83014,1
111,87,2.84162,1.83014,1
112,87,2.89162,1.83014,1
113,87,2.94162,1.83014,1
114,87,2.99162,1.83014,1
119,87,3.24162,1.83014,1
120,87,3.29162,1.83014,1
131,87,3.84162,1.83014,1
132,87,3.89162,1.83014,1
133,87,3.94162,1.83014,1
12,88,-2.10838,1.88014,1
13,88,-2.05838,1.88014,1
14,88,-2.00838,1.88014,1
50,88,-0.20838,1.88014,1
51,88,-0.15838,1.88014,1
52,88,-0.10838,1.88014,1
53,88,-0.05838,1.88014,1
54,88,-0.00838,1.88014,1
55,88,0.04162,1.88014,1
57,88,0.14162,1.88014,1
58,88,0.19162,1.88014,1
59,88,0.24162,1.88014,1
60,88,0.29162,1.88014,1
61,88,0.34162,1.88014,1
62,88,0.39162,1.88014,1
63,88,0.44162,1.88014,1
64,88,0.49162,1.88014,1
65,88,0.54162,1.88014,1
66,88,0.59162,1.88014,1
67,88,0.64162,1.88014,1
71,88,0.84162,1.88014,1
76,88,1.09162,1.88014,1
81,88,1.34162,1.88014,1
82,88,1.39162,1.88014,1
84,88,1.49162,1.88014,1
86,88,1.59162,1.88014,1
87,88,1.64162,1.88014,1
88,88,1.69162,1.88014,1
95,88,2.04162,1.88014,1
96,88,2.09162,1.88014,1
97,88,2.14162,1.88014,1
12,89,-2.10838,1.93014,1
13,89,-2.05838,1.93014,1
14,89,-2.00838,1.93014,1
50,89,-0.20838,1.93014,1
51,89,-0.15838,1.93014,1
54,89,-0.00838,1.93014,1
55,89,0.04162,1.93014,1
56,89,0.09162,1.93014,1
57,89,0.14162,1.93014,1
58,89,0.19162,1.93014,1
59,89,0.24162,1.93014,1
60,89,0.29162,1.93014,1
61,89,0.34162,1.93014,1
62,89,0.39162,1.93014,1
63,89,0.44162,1.93014,1
64,89,0.49162,1.93014,1
67,89,0.64162,1.93014,1
68,89,0.69162,1.93014,1
77,89,1.14162,1.93014,1
78,89,1.19162,1.93014,1
81,89,1.34162,1.93014,1
82,89,1.39162,1.93014,1
84,89,1.49162,1.93014,1
85,89,1.54162,1.93014,1
89,89,1.74162,1.93014,1
95,89,2.04162,1.93014,1
97,89,2.14162,1.93014,1
100,89,2.29162,1.93014,1
13,90,-2.05838,1.98014,1
14,90,-2.00838,1.98014,1
15,90,-1.95838,1.98014,1
49,90,-0.25838,1.98014,1
51,90,-0.15838,1.98014,1
52,90,-0.10838,1.98014,1
55,90,0.04162,1.98014,1
56,90,0.09162,1.98014,1
57,90,0.14162,1.98014,1
58,90,0.19162,1.98014,1
59,90,0.24162,1.98014,1
60,90,0.29162,1.98014,1
61,90,0.34162,1.98014,1
62,90,0.39162,1.98014,1
63,90,0.44162,1.98014,1
67,90,0.64162,1.98014,1
68,90,0.69162,1.98014,1
74,90,0.99162,1.98014,1
85,90,1.54162,1.98014,1
86,90,1.59162,1.98014,1
87,90,1.64162,1.98014,1
89,90,1.74162,1.98014,1
90,90,1.79162,1.98014,1
94,90,1.99162,1.98014,1
95,90,2.04162,1.98014,1
98,90,2.19162,1.98014,1
102,90,2.39162,1.98014,1
111,90,2.84162,1.98014,1
12,91,-2.10838,2.03014,1
13,91,-2.05838,2.03014,1
14,91,-2.00838,2.03014,1
15,91,-1.95838,2.03014,1
43,91,-0.55838,2.03014,1
49,91,-0.25838,2.03014,1
50,91,-0.20838,2.03014,1
51,91,-0.15838,2.03014,1
52,91,-0.10838,2.03014,1
53,91,-0.05838,2.03014,1
54,91,-0.00838,2.03014,1
55,91,0.04162,2.03014,1
56,91,0.09162,2.03014,1
57,91,0.14162,2.03014,1
58,91,0.19162,2.03014,1
59,91,0.24162,2.03014,1
60,91,0.29162,2.03014,1
61,91,0.34162,2.03014,1
62,91,0.39162,2.03014,1
64,91,0.49162,2.03014,1
69,91,0.74162,2.03014,1
72,91,0.89162,2.03014,1
75,91,1.04162,2.03014,1
81,91,1.34162,2.03014,1
84,91,1.49162,2.03014,1
85,91,1.54162,2.03014,1
86,91,1.59162,2.03014,1
87,91,1.64162,2.03014,1
91,91,1.84162,2.03014,1
98,91,2.19162,2.03014,1
100,91,2.29162,2.03014,1
101,91,2.34162,2.03014,1
102,91,2.39162,2.03014,1
108,91,2.69162,2.03014,1
111,91,2.84162,2.03014,1
112,91,2.89162,2.03014,1
12,92,-2.10838,2.08014,1
13,92,-2.05838,2.08014,1
14,92,-2.00838,2.08014,1
15,92,-1.95838,2.08014,1
48,92,-0.30838,2.08014,1
49,92,-0.25838,2.08014,1
52,92,-0.10838,2.08014,1
53,92,-0.05838,2.08014,1
54,92,-0.00838,2.08014,1
55,92,0.04162,2.08014,1
56,92,0.09162,2.08014,1
57,92,0.14162,2.08014,1
58,92,0.19162,2.08014,1
59,92,0.24162,2.08014,1
60,92,0.29162,2.08014,1
61,92,0.34162,2.08014,1
62,92,0.39162,2.08014,1
67,92,0.64162,2.08014,1
68,92,0.69162,2.08014,1
69,92,0.74162,2.08014,1
70,92,0.79162,2.08014,1
73,92,0.94162,2.08014,1
74,92,0.99162,2.08014,1
78,92,1.19162,2.08014,1
82,92,1.39162,2.08014,1
83,92,1.44162,2.08014,1
84,92,1.49162,2.08014,1
86,92,1.59162,2.08014,1
87,92,1.64162,2.08014,1
92,92,1.89162,2.08014,1
97,92,2.14162,2.08014,1
98,92,2.19162,2.08014,1
100,92,2.29162,2.08014,1
101,92,2.34162,2.08014,1
102,92,2.39162,2.08014,1
103,92,2.44162,2.08014,1
110,92,2.79162,2.08014,1
13,93,-2.05838,2.13014,1
14,93,-2.00838,2.13014,1
15,93,-1.95838,2.13014,1
48,93,-0.30838,2.13014,1
49,93,-0.25838,2.13014,1
50,93,-0.20838,2.13014,1
51,93,-0.15838,2.13014,1
52,93,-0.10838,2.13014,1
53,93,-0.05838,2.13014,1
54,93,-0.00838,2.13014,1
55,93,0.04162,2.13014,1
56,93,0.09162,2.13014,1
58,93,0.19162,2.13014,1
59,93,0.24162,2.13014,1
60,93,0.29162,2.13014,1
62,93,0.39162,2.13014,1
63,93,0.44162,2.13014,1
65,93,0.54162,2.13014,1
69,93,0.74162,2.13014,1
70,93,0.79162,2.13014,1
74,93,0.99162,2.13014,1
75,93,1.04162,2.13014,1
79,93,1.24162,2.13014,1
80,93,1.29162,2.13014,1
83,93,1.44162,2.13014,1
85,93,1.54162,2.13014,1
88,93,1.69162,2.13014,1
90,93,1.79162,2.13014,1
91,93,1.84162,2.13014,1
94,93,1.99162,2.13014,1
95,93,2.04162,2.13014,1
96,93,2.09162,2.13014,1
97,93,2.14162,2.13014,1
98,93,2.19162,2.13014,1
99,93,2.24162,2.13014,1
100,93,2.29162,2.13014,1
101,93,2.34162,2.13014,1
102,93,2.39162,2.13014,1
103,93,2.44162,2.13014,1
105,93,2.54162,2.13014,1
107,93,2.64162,2.13014,1
108,93,2.69162,2.13014,1
112,93,2.89162,2.13014,1
13,94,-2.05838,2.18014,1
14,94,-2.00838,2.18014,1
15,94,-1.95838,2.18014,1
16,94,-1.90838,2.18014,1
49,94,-0.25838,2.18014,1
50,94,-0.20838,2.18014,1
51,94,-0.15838,2.18014,1
52,94,-0.10838,2.18014,1
53,94,-0.05838,2.18014,1
54,94,-0.00838,2.18014,1
55,94,0.04162,2.18014,1
56,94,0.09162,2.18014,1
57,94,0.14162,2.18014,1
59,94,0.24162,2.18014,1
60,94,0.29162,2.18014,1
61,94,0.34162,2.18014,1
62,94,0.39162,2.18014,1
63,94,0.44162,2.18014,1
65,94,0.54162,2.18014,1
70,94,0.79162,2.18014,1
71,94,0.84162,2.18014,1
74,94,0.99162,2.18014,1
75,94,1.04162,2.18014,1
76,94,1.09162,2.18014,1
85,94,1.54162,2.18014,1
86,94,1.59162,2.18014,1
88,94,1.69162,2.18014,1
89,94,1.74162,2.18014,1
90,94,1.79162,2.18014,1
91,94,1.84162,2.18014,1
93,94,1.94162,2.18014,1
94,94,1.99162,2.18014,1
95,94,2.04162,2.18014,1
96,94,2.09162,2.18014,1
97,94,2.14162,2.18014,1
98,94,2.19162,2.18014,1
99,94,2.24162,2.18014,1
100,94,2.29162,2.18014,1
101,94,2.34162,2.18014,1
103,94,2.44162,2.18014,1
13,95,-2.05838,2.23014,1
14,95,-2.00838,2.23014,1
15,95,-1.95838,2.23014,1
49,95,-0.25838,2.23014,1
51,95,-0.15838,2.23014,1
52,95,-0.10838,2.23014,1
53,95,-0.05838,2.23014,1
54,95,-0.00838,2.23014,1
55,95,0.04162,2.23014,1
56,95,0.09162,2.23014,1
57,95,0.14162,2.23014,1
59,95,0.24162,2.23014,1
60,95,0.29162,2.23014,1
61,95,0.34162,2.23014,1
62,95,0.39162,2.23014,1
63,95,0.44162,2.23014,1
64,95,0.49162,2.23014,1
66,95,0.59162,2.23014,1
68,95,0.69162,2.23014,1
69,95,0.74162,2.23014,1
71,95,0.84162,2.23014,1
74,95,0.99162,2.23014,1
77,95,1.14162,2.23014,1
78,95,1.19162,2.23014,1
82,95,1.39162,2.23014,1
84,95,1.49162,2.23014,1
87,95,1.64162,2.23014,1
88,95,1.69162,2.23014,1
89,95,1.74162,2.23014,1
90,95,1.79162,2.23014,1
91,95,1.84162,2.23014,1
92,95,1.89162,2.23014,1
93,95,1.94162,2.23014,1
94,95,1.99162,2.23014,1
95,95,2.04162,2.23014,1
96,95,2.09162,2.23014,1
97,95,2.14162,2.23014,1
98,95,2.19162,2.23014,1
99,95,2.24162,2.23014,1
104,95,2.49162,2.23014,1
105,95,2.54162,2.23014,1
14,96,-2.00838,2.28014,1
15,96,-1.95838,2.28014,1
16,96,-1.90838,2.28014,1
51,96,-0.15838,2.28014,1
52,96,-0.10838,2.28014,1
53,96,-0.05838,2.28014,1
54,96,-0.00838,2.28014,1
55,96,0.04162,2.28014,1
56,96,0.09162,2.28014,1
57,96,0.14162,2.28014,1
58,96,0.19162,2.28014,1
59,96,0.24162,2.28014,1
61,96,0.34162,2.28014,1
62,96,0.39162,2.28014,1
65,96,0.54162,2.28014,1
69,96,0.74162,2.28014,1
70,96,0.79162,2.28014,1
71,96,0.84162,2.28014,1
72,96,0.89162,2.28014,1
73,96,0.94162,2.28014,1
74,96,0.99162,2.28014,1
75,96,1.04162,2.28014,1
77,96,1.14162,2.28014,1
82,96,1.39162,2.28014,1
83,96,1.44162,2.28014,1
84,96,1.49162,2.28014,1
86,96,1.59162,2.28014,1
88,96,1.69162,2.28014,1
89,96,1.74162,2.28014,1
91,96,1.84162,2.28014,1
92,96,1.89162,2.28014,1
93,96,1.94162,2.28014,1
94,96,1.99162,2.28014,1
95,96,2.04162,2.28014,1
13,97,-2.05838,2.33014,1
14,97,-2.00838,2.33014,1
15,97,-1.95838,2.33014,1
16,97,-1.90838,2.33014,1
52,97,-0.10838,2.33014,1
53,97,-0.05838,2.33014,1
54,97,-0.00838,2.33014,1
55,97,0.04162,2.33014,1
56,97,0.09162,2.33014,1
57,97,0.14162,2.33014,1
58,97,0.19162,2.33014,1
59,97,0.24162,2.33014,1
60,97,0.29162,2.33014,1
61,97,0.34162,2.33014,1
62,97,0.39162,2.33014,1
63,97,0.44162,2.33014,1
69,97,0.74162,2.33014,1
70,97,0.79162,2.33014,1
72,97,0.89162,2.33014,1
73,97,0.94162,2.33014,1
79,97,1.24162,2.33014,1
80,97,1.29162,2.33014,1
83,97,1.44162,2.33014,1
84,97,1.49162,2.33014,1
85,97,1.54162,2.33014,1
86,97,1.59162,2.33014,1
88,97,1.69162,2.33014,1
14,98,-2.00838,2.38014,1
15,98,-1.95838,2.38014,1
16,98,-1.90838,2.38014,1
51,98,-0.15838,2.38014,1
53,98,-0.05838,2.38014,1
54,98,-0.00838,2.38014,1
55,98,0.04162,2.38014,1
57,98,0.14162,2.38014,1
58,98,0.19162,2.38014,1
59,98,0.24162,2.38014,1
60,98,0.29162,2.38014,1
61,98,0.34162,2.38014,1
62,98,0.39162,2.38014,1
63,98,0.44162,2.38014,1
71,98,0.84162,2.38014,1
72,98,0.89162,2.38014,1
73,98,0.94162,2.38014,1
74,98,0.99162,2.38014,1
75,98,1.04162,2.38014,1
76,98,1.09162,2.38014,1
78,98,1.19162,2.38014,1
80,98,1.29162,2.38014,1
81,98,1.34162,2.38014,1
83,98,1.44162,2.38014,1
84,98,1.49162,2.38014,1
14,99,-2.00838,2.43014,1
15,99,-1.95838,2.43014,1
16,99,-1.90838,2.43014,1
51,99,-0.15838,2.43014,1
53,99,-0.05838,2.43014,1
55,99,0.04162,2.43014,1
56,99,0.09162,2.43014,1
58,99,0.19162,2.43014,1
59,99,0.24162,2.43014,1
60,99,0.29162,2.43014,1
61,99,0.34162,2.43014,1
62,99,0.39162,2.43014,1
63,99,0.44162,2.43014,1
64,99,0.49162,2.43014,1
71,99,0.84162,2.43014,1
72,99,0.89162,2.43014,1
74,99,0.99162,2.43014,1
75,99,1.04162,2.43014,1
76,99,1.09162,2.43014,1
79,99,1.24162,2.43014,1
81,99,1.34162,2.43014,1
14,100,-2.00838,2.48014,1
15,100,-1.95838,2.48014,1
16,100,-1.90838,2.48014,1
49,100,-0.25838,2.48014,1
50,100,-0.20838,2.48014,1
51,100,-0.15838,2.48014,1
52,100,-0.10838,2.48014,1
53,100,-0.05838,2.48014,1
54,100,-0.00838,2.48014,1
55,100,0.04162,2.48014,1
56,100,0.09162,2.48014,1
57,100,0.14162,2.48014,1
58,100,0.19162,2.48014,1
59,100,0.24162,2.48014,1
60,100,0.29162,2.48014,1
61,100,0.34162,2.48014,1
62,100,0.39162,2.48014,1
63,100,0.44162,2.48014,1
64,100,0.49162,2.48014,1
72,100,0.89162,2.48014,1
78,100,1.19162,2.48014,1
88,100,1.69162,2.48014,1
14,101,-2.00838,2.53014,1
15,101,-1.95838,2.53014,1
16,101,-1.90838,2.53014,1
17,101,-1.85838,2.53014,1
18,101,-1.80838,2.53014,1
44,101,-0.50838,2.53014,1
45,101,-0.45838,2.53014,1
47,101,-0.35838,2.53014,1
50,101,-0.20838,2.53014,1
51,101,-0.15838,2.53014,1
52,101,-0.10838,2.53014,1
53,101,-0.05838,2.53014,1
54,101,-0.00838,2.53014,1
55,101,0.04162,2.53014,1
56,101,0.09162,2.53014,1
57,101,0.14162,2.53014,1
58,101,0.19162,2.53014,1
59,101,0.24162,2.53014,1
60,101,0.29162,2.53014,1
61,101,0.34162,2.53014,1
62,101,0.39162,2.53014,1
14,102,-2.00838,2.58014,1
15,102,-1.95838,2.58014,1
16,102,-1.90838,2.58014,1
17,102,-1.85838,2.58014,1
18,102,-1.80838,2.58014,1
19,102,-1.75838,2.58014,1
38,102,-0.80838,2.58014,1
39,102,-0.75838,2.58014,1
42,102,-0.60838,2.58014,1
44,102,-0.50838,2.58014,1
45,102,-0.45838,2.58014,1
46,102,-0.40838,2.58014,1
47,102,-0.35838,2.58014,1
48,102,-0.30838,2.58014,1
49,102,-0.25838,2.58014,1
50,102,-0.20838,2.58014,1
51,102,-0.15838,2.58014,1
52,102,-0.10838,2.58014,1
53,102,-0.05838,2.58014,1
54,102,-0.00838,2.58014,1
55,102,0.04162,2.58014,1
56,102,0.09162,2.58014,1
57,102,0.14162,2.58014,1
58,102,0.19162,2.58014,1
59,102,0.24162,2.58014,1
14,103,-2.00838,2.63014,1
15,103,-1.95838,2.63014,1
16,103,-1.90838,2.63014,1
17,103,-1.85838,2.63014,1
18,103,-1.80838,2.63014,1
19,103,-1.75838,2.63014,1
20,103,-1.70838,2.63014,1
26,103,-1.40838,2.63014,1
30,103,-1.20838,2.63014,1
35,103,-0.95838,2.63014,1
36,103,-0.90838,2.63014,1
38,103,-0.80838,2.63014,1
39,103,-0.75838,2.63014,1
40,103,-0.70838,2.63014,1
41,103,-0.65838,2.63014,1
42,103,-0.60838,2.63014,1
43,103,-0.55838,2.63014,1
44,103,-0.50838,2.63014,1
45,103,-0.45838,2.63014,1
46,103,-0.40838,2.63014,1
47,103,-0.35838,2.63014,1
48,103,-0.30838,2.63014,1
49,103,-0.25838,2.63014,1
50,103,-0.20838,2.63014,1
51,103,-0.15838,2.63014,1
52,103,-0.10838,2.63014,1
53,103,-0.05838,2.63014,1
54,103,-0.00838,2.63014,1
14,104,-2.00838,2.68014,1
15,104,-1.95838,2.68014,1
16,104,-1.90838,2.68014,1
17,104,-1.85838,2.68014,1
18,104,-1.80838,2.68014,1
19,104,-1.75838,2.68014,1
20,104,-1.70838,2.68014,1
23,104,-1.55838,2.68014,1
24,104,-1.50838,2.68014,1
25,104,-1.45838,2.68014,1
26,104,-1.40838,2.68014,1
27,104,-1.35838,2.68014,1
28,104,-1.30838,2.68014,1
29,104,-1.25838,2.68014,1
30,104,-1.20838,2.68014,1
31,104,-1.15838,2.68014,1
32,104,-1.10838,2.68014,1
33,104,-1.05838,2.68014,1
34,104,-1.00838,2.68014,1
35,104,-0.95838,2.68014,1
36,104,-0.90838,2.68014,1
37,104,-0.85838,2.68014,1
38,104,-0.80838,2.68014,1
39,104,-0.75838,2.68014,1
40,104,-0.70838,2.68014,1
41,104,-0.65838,2.68014,1
42,104,-0.60838,2.68014,1
43,104,-0.55838,2.68014,1
44,104,-0.50838,2.68014,1
45,104,-0.45838,2.68014,1
46,104,-0.40838,2.68014,1
47,104,-0.35838,2.68014,1
48,104,-0.30838,2.68014,1
49,104,-0.25838,2.68014,1
50,104,-0.20838,2.68014,1
14,105,-2.00838,2.73014,1
15,105,-1.95838,2.73014,1
16,105,-1.90838,2.73014,1
17,105,-1.85838,2.73014,1
18,105,-1.80838,2.73014,1
19,105,-1.75838,2.73014,1
20,105,-1.70838,2.73014,1
21,105,-1.65838,2.73014,1
22,105,-1.60838,2.73014,1
23,105,-1.55838,2.73014,1
24,105,-1.50838,2.73014,1
25,105,-1.45838,2.73014,1
26,105,-1.40838,2.73014,1
27,105,-1.35838,2.73014,1
28,105,-1.30838,2.73014,1
29,105,-1.25838,2.73014,1
30,105,-1.20838,2.73014,1
31,105,-1.15838,2.73014,1
32,105,-1.10838,2.73014,1
33,105,-1.05838,2.73014,1
34,105,-1.00838,2.73014,1
35,105,-0.95838,2.73014,1
36,105,-0.90838,2.73014,1
37,105,-0.85838,2.73014,1
38,105,-0.80838,2.73014,1
39,105,-0.75838,2.73014,1
40,105,-0.70838,2.73014,1
41,105,-0.65838,2.73014,1
42,105,-0.60838,2.73014,1
43,105,-0.55838,2.73014,1
44,105,-0.50838,2.73014,1
16,106,-1.90838,2.78014,1
17,106,-1.85838,2.78014,1
18,106,-1.80838,2.78014,1
19,106,-1.75838,2.78014,1
20,106,-1.70838,2.78014,1
21,106,-1.65838,2.78014,1
22,106,-1.60838,2.78014,1
23,106,-1.55838,2.78014,1
24,106,-1.50838,2.78014,1
25,106,-1.45838,2.78014,1
26,106,-1.40838,2.78014,1
27,106,-1.35838,2.78014,1
28,106,-1.30838,2.78014,1
29,106,-1.25838,2.78014,1
30,106,-1.20838,2.78014,1
31,106,-1.15838,2.78014,1
32,106,-1.10838,2.78014,1
33,106,-1.05838,2.78014,1
34,106,-1.00838,2.78014,1
35,106,-0.95838,2.78014,1
16,107,-1.90838,2.83014,1
17,107,-1.85838,2.83014,1
18,107,-1.80838,2.83014,1
19,107,-1.75838,2.83014,1
20,107,-1.70838,2.83014,1
21,107,-1.65838,2.83014,1
22,107,-1.60838,2.83014,1
23,107,-1.55838,2.83014,1
24,107,-1.50838,2.83014,1
25,107,-1.45838,2.83014,1
28,107,-1.30838,2.83014,1
29,107,-1.25838,2.83014,1
30,107,-1.20838,2.83014,1
17,108,-1.85838,2.88014,1
18,108,-1.80838,2.88014,1
19,108,-1.75838,2.88014,1
20,108,-1.70838,2.88014,1
